/home/uqabulbu/miniconda3/envs/torch/bin/python
Pandas version: 2.2.3
Python Platform: Linux-4.18.0-553.47.1.el8_10.x86_64-x86_64-with-glibc2.28
PyTorch Version: 2.2.2+cu121
Target device  : cuda
LMSNet_05_47kp_16c_GAN_Ep_1k_1DS_1000.pth
LMSNet_05_47kp_16c_GAN_Ep_1k_1DS_1000_parameters.pth
LMSNet_05_47kp_16c_GAN_Ep_1k_1DS_1000_parameters_last.pth
Combined data shape : (105708, 77)
Combined label shape: (105708,)
Before GAN class distribution: [47102  5085  4571  4487  2281  1604   164   505   298   144   121    94
    67    52    10    10]
After  GAN  class distribution: [47102 47102 47102 47102 47102 47102 47102 47102 47102 47102 47102 47102
 47102 47102 47102 47102]
Class counts : [47102 47102 47102 47102 47102 47102 47102 47102 47102 47102 47102 47102
 47102 47102 47102 47102]
Class weights: tensor([1., 1., 1., 1., 1., 1., 1., 1., 1., 1., 1., 1., 1., 1., 1., 1.],
       device='cuda:0')
CombinedModel(
  (stages): ModuleDict(
    (Stage 1): Sequential(
      (0): Conv1d(1, 64, kernel_size=(5,), stride=(4,), padding=(1,), bias=False)
      (1): BatchNorm1d(64, eps=1e-05, momentum=0.1, affine=True, track_running_stats=True)
      (2): ReLU(inplace=True)
    )
    (Stage 2): DepthwiseSeparableConv1d(
      (depthwise): Conv1d(64, 64, kernel_size=(5,), stride=(1,), padding=(1,), groups=64, bias=False)
      (pointwise): Conv1d(64, 32, kernel_size=(1,), stride=(1,), bias=False)
      (bn): BatchNorm1d(32, eps=1e-05, momentum=0.1, affine=True, track_running_stats=True)
      (relu): ReLU(inplace=True)
    )
    (Stage 3): DepthwiseSeparableConv1d(
      (depthwise): Conv1d(32, 32, kernel_size=(5,), stride=(4,), padding=(1,), groups=32, bias=False)
      (pointwise): Conv1d(32, 16, kernel_size=(1,), stride=(1,), bias=False)
      (bn): BatchNorm1d(16, eps=1e-05, momentum=0.1, affine=True, track_running_stats=True)
      (relu): ReLU(inplace=True)
    )
    (Stage 4): DepthwiseSeparableConv1d(
      (depthwise): Conv1d(16, 16, kernel_size=(5,), stride=(1,), padding=(1,), groups=16, bias=False)
      (pointwise): Conv1d(16, 16, kernel_size=(1,), stride=(1,), bias=False)
      (bn): BatchNorm1d(16, eps=1e-05, momentum=0.1, affine=True, track_running_stats=True)
      (relu): ReLU(inplace=True)
    )
    (Stage 5): FireModule(
      (squeeze): Sequential(
        (0): Conv1d(16, 32, kernel_size=(1,), stride=(1,))
        (1): BatchNorm1d(32, eps=1e-05, momentum=0.1, affine=True, track_running_stats=True)
        (2): ReLU(inplace=True)
      )
      (expand1x1): Sequential(
        (0): Conv1d(32, 16, kernel_size=(1,), stride=(1,))
        (1): BatchNorm1d(16, eps=1e-05, momentum=0.1, affine=True, track_running_stats=True)
        (2): ReLU(inplace=True)
      )
      (expand3x3): Sequential(
        (0): Conv1d(32, 16, kernel_size=(3,), stride=(1,), padding=(1,))
        (1): BatchNorm1d(16, eps=1e-05, momentum=0.1, affine=True, track_running_stats=True)
        (2): ReLU(inplace=True)
      )
    )
    (Stage 6): FireModule(
      (squeeze): Sequential(
        (0): Conv1d(32, 64, kernel_size=(1,), stride=(1,))
        (1): BatchNorm1d(64, eps=1e-05, momentum=0.1, affine=True, track_running_stats=True)
        (2): ReLU(inplace=True)
      )
      (expand1x1): Sequential(
        (0): Conv1d(64, 8, kernel_size=(1,), stride=(1,))
        (1): BatchNorm1d(8, eps=1e-05, momentum=0.1, affine=True, track_running_stats=True)
        (2): ReLU(inplace=True)
      )
      (expand3x3): Sequential(
        (0): Conv1d(64, 8, kernel_size=(3,), stride=(1,), padding=(1,))
        (1): BatchNorm1d(8, eps=1e-05, momentum=0.1, affine=True, track_running_stats=True)
        (2): ReLU(inplace=True)
      )
    )
    (Stage 7): AdaptiveAvgPool1d(output_size=1)
    (Stage 8): Flatten(start_dim=1, end_dim=-1)
    (Stage 9): Linear(in_features=16, out_features=16, bias=True)
  )
)
[codecarbon INFO @ 14:29:07] offline tracker init
[codecarbon WARNING @ 14:29:07] Multiple instances of codecarbon are allowed to run at the same time.
End of Epoch 1: Avg. Train Loss: 0.2687, Avg. Train Accuracy: 91.12%
End of Epoch 1: Avg. Val Loss: 0.3058, Avg. Val Accuracy: 93.19%
New best model found at epoch 1 with Val Loss: 0.3058 and Val Accuracy: 93.19%
End of Epoch 2: Avg. Train Loss: 0.0273, Avg. Train Accuracy: 99.35%
End of Epoch 2: Avg. Val Loss: 0.3499, Avg. Val Accuracy: 90.36%
End of Epoch 3: Avg. Train Loss: 0.0204, Avg. Train Accuracy: 99.49%
End of Epoch 3: Avg. Val Loss: 0.1982, Avg. Val Accuracy: 95.19%
New best model found at epoch 3 with Val Loss: 0.1982 and Val Accuracy: 95.19%
End of Epoch 4: Avg. Train Loss: 0.0178, Avg. Train Accuracy: 99.55%
End of Epoch 4: Avg. Val Loss: 0.2529, Avg. Val Accuracy: 92.66%
End of Epoch 5: Avg. Train Loss: 0.0151, Avg. Train Accuracy: 99.62%
End of Epoch 5: Avg. Val Loss: 0.2204, Avg. Val Accuracy: 94.43%
End of Epoch 6: Avg. Train Loss: 0.0140, Avg. Train Accuracy: 99.65%
End of Epoch 6: Avg. Val Loss: 0.1663, Avg. Val Accuracy: 95.93%
New best model found at epoch 6 with Val Loss: 0.1663 and Val Accuracy: 95.93%
End of Epoch 7: Avg. Train Loss: 0.0136, Avg. Train Accuracy: 99.65%
End of Epoch 7: Avg. Val Loss: 0.1330, Avg. Val Accuracy: 96.74%
New best model found at epoch 7 with Val Loss: 0.1330 and Val Accuracy: 96.74%
End of Epoch 8: Avg. Train Loss: 0.0120, Avg. Train Accuracy: 99.69%
End of Epoch 8: Avg. Val Loss: 0.1317, Avg. Val Accuracy: 96.66%
End of Epoch 9: Avg. Train Loss: 0.0132, Avg. Train Accuracy: 99.66%
End of Epoch 9: Avg. Val Loss: 0.1981, Avg. Val Accuracy: 93.95%
End of Epoch 10: Avg. Train Loss: 0.0114, Avg. Train Accuracy: 99.71%
End of Epoch 10: Avg. Val Loss: 0.1158, Avg. Val Accuracy: 97.01%
New best model found at epoch 10 with Val Loss: 0.1158 and Val Accuracy: 97.01%
End of Epoch 11: Avg. Train Loss: 0.0114, Avg. Train Accuracy: 99.70%
End of Epoch 11: Avg. Val Loss: 0.1068, Avg. Val Accuracy: 97.39%
New best model found at epoch 11 with Val Loss: 0.1068 and Val Accuracy: 97.39%
End of Epoch 12: Avg. Train Loss: 0.0105, Avg. Train Accuracy: 99.73%
End of Epoch 12: Avg. Val Loss: 0.1085, Avg. Val Accuracy: 97.45%
New best model found at epoch 12 with Val Loss: 0.1085 and Val Accuracy: 97.45%
End of Epoch 13: Avg. Train Loss: 0.0106, Avg. Train Accuracy: 99.72%
End of Epoch 13: Avg. Val Loss: 0.1048, Avg. Val Accuracy: 97.31%
End of Epoch 14: Avg. Train Loss: 0.0098, Avg. Train Accuracy: 99.74%
End of Epoch 14: Avg. Val Loss: 0.1504, Avg. Val Accuracy: 96.45%
End of Epoch 15: Avg. Train Loss: 0.0095, Avg. Train Accuracy: 99.75%
End of Epoch 15: Avg. Val Loss: 0.1109, Avg. Val Accuracy: 97.32%
End of Epoch 16: Avg. Train Loss: 0.0095, Avg. Train Accuracy: 99.75%
End of Epoch 16: Avg. Val Loss: 0.1397, Avg. Val Accuracy: 96.47%
End of Epoch 17: Avg. Train Loss: 0.0093, Avg. Train Accuracy: 99.76%
End of Epoch 17: Avg. Val Loss: 0.1399, Avg. Val Accuracy: 96.16%
End of Epoch 18: Avg. Train Loss: 0.0091, Avg. Train Accuracy: 99.76%
End of Epoch 18: Avg. Val Loss: 0.0976, Avg. Val Accuracy: 97.61%
New best model found at epoch 18 with Val Loss: 0.0976 and Val Accuracy: 97.61%
End of Epoch 19: Avg. Train Loss: 0.0091, Avg. Train Accuracy: 99.76%
End of Epoch 19: Avg. Val Loss: 0.1121, Avg. Val Accuracy: 97.30%
End of Epoch 20: Avg. Train Loss: 0.0089, Avg. Train Accuracy: 99.76%
End of Epoch 20: Avg. Val Loss: 0.1144, Avg. Val Accuracy: 96.91%
End of Epoch 21: Avg. Train Loss: 0.0087, Avg. Train Accuracy: 99.77%
End of Epoch 21: Avg. Val Loss: 0.0878, Avg. Val Accuracy: 97.74%
New best model found at epoch 21 with Val Loss: 0.0878 and Val Accuracy: 97.74%
End of Epoch 22: Avg. Train Loss: 0.0087, Avg. Train Accuracy: 99.77%
End of Epoch 22: Avg. Val Loss: 0.1179, Avg. Val Accuracy: 96.97%
End of Epoch 23: Avg. Train Loss: 0.0089, Avg. Train Accuracy: 99.77%
End of Epoch 23: Avg. Val Loss: 0.0871, Avg. Val Accuracy: 98.03%
New best model found at epoch 23 with Val Loss: 0.0871 and Val Accuracy: 98.03%
End of Epoch 24: Avg. Train Loss: 0.0100, Avg. Train Accuracy: 99.74%
End of Epoch 24: Avg. Val Loss: 0.1029, Avg. Val Accuracy: 97.72%
End of Epoch 25: Avg. Train Loss: 0.0084, Avg. Train Accuracy: 99.78%
End of Epoch 25: Avg. Val Loss: 0.0903, Avg. Val Accuracy: 97.77%
End of Epoch 26: Avg. Train Loss: 0.0080, Avg. Train Accuracy: 99.78%
End of Epoch 26: Avg. Val Loss: 0.0958, Avg. Val Accuracy: 97.84%
End of Epoch 27: Avg. Train Loss: 0.0080, Avg. Train Accuracy: 99.79%
End of Epoch 27: Avg. Val Loss: 0.1334, Avg. Val Accuracy: 96.91%
End of Epoch 28: Avg. Train Loss: 0.0079, Avg. Train Accuracy: 99.79%
End of Epoch 28: Avg. Val Loss: 0.0935, Avg. Val Accuracy: 97.80%
End of Epoch 29: Avg. Train Loss: 0.0077, Avg. Train Accuracy: 99.79%
End of Epoch 29: Avg. Val Loss: 0.0993, Avg. Val Accuracy: 97.49%
End of Epoch 30: Avg. Train Loss: 0.0431, Avg. Train Accuracy: 98.98%
End of Epoch 30: Avg. Val Loss: 0.7643, Avg. Val Accuracy: 86.24%
End of Epoch 31: Avg. Train Loss: 0.0222, Avg. Train Accuracy: 99.46%
End of Epoch 31: Avg. Val Loss: 0.1669, Avg. Val Accuracy: 95.72%
End of Epoch 32: Avg. Train Loss: 0.0140, Avg. Train Accuracy: 99.64%
End of Epoch 32: Avg. Val Loss: 0.1321, Avg. Val Accuracy: 96.54%
End of Epoch 33: Avg. Train Loss: 0.0114, Avg. Train Accuracy: 99.71%
End of Epoch 33: Avg. Val Loss: 0.1363, Avg. Val Accuracy: 96.78%
End of Epoch 34: Avg. Train Loss: 0.0105, Avg. Train Accuracy: 99.73%
End of Epoch 34: Avg. Val Loss: 0.1193, Avg. Val Accuracy: 96.96%
End of Epoch 35: Avg. Train Loss: 0.0099, Avg. Train Accuracy: 99.74%
End of Epoch 35: Avg. Val Loss: 0.1193, Avg. Val Accuracy: 96.96%
End of Epoch 36: Avg. Train Loss: 0.0093, Avg. Train Accuracy: 99.76%
End of Epoch 36: Avg. Val Loss: 0.1109, Avg. Val Accuracy: 97.22%
End of Epoch 37: Avg. Train Loss: 0.0088, Avg. Train Accuracy: 99.77%
End of Epoch 37: Avg. Val Loss: 0.0999, Avg. Val Accuracy: 97.51%
End of Epoch 38: Avg. Train Loss: 0.0084, Avg. Train Accuracy: 99.78%
End of Epoch 38: Avg. Val Loss: 0.1153, Avg. Val Accuracy: 97.31%
End of Epoch 39: Avg. Train Loss: 0.0089, Avg. Train Accuracy: 99.77%
End of Epoch 39: Avg. Val Loss: 0.0976, Avg. Val Accuracy: 97.58%
End of Epoch 40: Avg. Train Loss: 0.0081, Avg. Train Accuracy: 99.79%
End of Epoch 40: Avg. Val Loss: 0.0985, Avg. Val Accuracy: 97.65%
End of Epoch 41: Avg. Train Loss: 0.0083, Avg. Train Accuracy: 99.78%
End of Epoch 41: Avg. Val Loss: 0.0965, Avg. Val Accuracy: 97.78%
End of Epoch 42: Avg. Train Loss: 0.0081, Avg. Train Accuracy: 99.78%
End of Epoch 42: Avg. Val Loss: 0.1037, Avg. Val Accuracy: 97.43%
End of Epoch 43: Avg. Train Loss: 0.0082, Avg. Train Accuracy: 99.78%
End of Epoch 43: Avg. Val Loss: 0.0997, Avg. Val Accuracy: 97.66%
End of Epoch 44: Avg. Train Loss: 0.0080, Avg. Train Accuracy: 99.79%
End of Epoch 44: Avg. Val Loss: 0.1058, Avg. Val Accuracy: 97.42%
End of Epoch 45: Avg. Train Loss: 0.0079, Avg. Train Accuracy: 99.79%
End of Epoch 45: Avg. Val Loss: 0.1040, Avg. Val Accuracy: 97.50%
End of Epoch 46: Avg. Train Loss: 0.0077, Avg. Train Accuracy: 99.79%
End of Epoch 46: Avg. Val Loss: 0.0911, Avg. Val Accuracy: 97.70%
End of Epoch 47: Avg. Train Loss: 0.0075, Avg. Train Accuracy: 99.80%
End of Epoch 47: Avg. Val Loss: 0.0927, Avg. Val Accuracy: 97.76%
End of Epoch 48: Avg. Train Loss: 0.0076, Avg. Train Accuracy: 99.80%
End of Epoch 48: Avg. Val Loss: 0.1030, Avg. Val Accuracy: 97.39%
End of Epoch 49: Avg. Train Loss: 0.0080, Avg. Train Accuracy: 99.79%
End of Epoch 49: Avg. Val Loss: 0.0960, Avg. Val Accuracy: 97.61%
End of Epoch 50: Avg. Train Loss: 0.0074, Avg. Train Accuracy: 99.80%
End of Epoch 50: Avg. Val Loss: 0.1106, Avg. Val Accuracy: 97.24%
End of Epoch 51: Avg. Train Loss: 0.0077, Avg. Train Accuracy: 99.80%
End of Epoch 51: Avg. Val Loss: 0.0958, Avg. Val Accuracy: 97.62%
End of Epoch 52: Avg. Train Loss: 0.0071, Avg. Train Accuracy: 99.81%
End of Epoch 52: Avg. Val Loss: 0.0948, Avg. Val Accuracy: 97.76%
End of Epoch 53: Avg. Train Loss: 0.0072, Avg. Train Accuracy: 99.81%
End of Epoch 53: Avg. Val Loss: 0.0936, Avg. Val Accuracy: 97.72%
End of Epoch 54: Avg. Train Loss: 0.0078, Avg. Train Accuracy: 99.79%
End of Epoch 54: Avg. Val Loss: 0.0920, Avg. Val Accuracy: 97.80%
End of Epoch 55: Avg. Train Loss: 0.0071, Avg. Train Accuracy: 99.81%
End of Epoch 55: Avg. Val Loss: 0.0975, Avg. Val Accuracy: 97.84%
End of Epoch 56: Avg. Train Loss: 0.0074, Avg. Train Accuracy: 99.80%
End of Epoch 56: Avg. Val Loss: 0.0913, Avg. Val Accuracy: 97.82%
End of Epoch 57: Avg. Train Loss: 0.0071, Avg. Train Accuracy: 99.81%
End of Epoch 57: Avg. Val Loss: 0.0955, Avg. Val Accuracy: 97.53%
End of Epoch 58: Avg. Train Loss: 0.0074, Avg. Train Accuracy: 99.80%
End of Epoch 58: Avg. Val Loss: 0.0954, Avg. Val Accuracy: 97.81%
End of Epoch 59: Avg. Train Loss: 0.0066, Avg. Train Accuracy: 99.82%
End of Epoch 59: Avg. Val Loss: 0.0904, Avg. Val Accuracy: 97.76%
End of Epoch 60: Avg. Train Loss: 0.0070, Avg. Train Accuracy: 99.81%
End of Epoch 60: Avg. Val Loss: 0.0919, Avg. Val Accuracy: 97.81%
End of Epoch 61: Avg. Train Loss: 0.0072, Avg. Train Accuracy: 99.81%
End of Epoch 61: Avg. Val Loss: 0.0837, Avg. Val Accuracy: 98.01%
End of Epoch 62: Avg. Train Loss: 0.0068, Avg. Train Accuracy: 99.82%
End of Epoch 62: Avg. Val Loss: 0.0906, Avg. Val Accuracy: 97.93%
End of Epoch 63: Avg. Train Loss: 0.0065, Avg. Train Accuracy: 99.82%
End of Epoch 63: Avg. Val Loss: 0.0899, Avg. Val Accuracy: 97.88%
End of Epoch 64: Avg. Train Loss: 0.0069, Avg. Train Accuracy: 99.81%
End of Epoch 64: Avg. Val Loss: 0.0956, Avg. Val Accuracy: 97.68%
End of Epoch 65: Avg. Train Loss: 0.0067, Avg. Train Accuracy: 99.82%
End of Epoch 65: Avg. Val Loss: 0.0782, Avg. Val Accuracy: 98.23%
New best model found at epoch 65 with Val Loss: 0.0782 and Val Accuracy: 98.23%
End of Epoch 66: Avg. Train Loss: 0.0064, Avg. Train Accuracy: 99.83%
End of Epoch 66: Avg. Val Loss: 0.0886, Avg. Val Accuracy: 97.64%
End of Epoch 67: Avg. Train Loss: 0.0070, Avg. Train Accuracy: 99.81%
End of Epoch 67: Avg. Val Loss: 0.0837, Avg. Val Accuracy: 97.86%
End of Epoch 68: Avg. Train Loss: 0.0064, Avg. Train Accuracy: 99.83%
End of Epoch 68: Avg. Val Loss: 0.1013, Avg. Val Accuracy: 97.66%
End of Epoch 69: Avg. Train Loss: 0.0063, Avg. Train Accuracy: 99.83%
End of Epoch 69: Avg. Val Loss: 0.0850, Avg. Val Accuracy: 98.05%
End of Epoch 70: Avg. Train Loss: 0.0060, Avg. Train Accuracy: 99.84%
End of Epoch 70: Avg. Val Loss: 0.0809, Avg. Val Accuracy: 98.11%
End of Epoch 71: Avg. Train Loss: 0.0062, Avg. Train Accuracy: 99.83%
End of Epoch 71: Avg. Val Loss: 0.0928, Avg. Val Accuracy: 97.80%
End of Epoch 72: Avg. Train Loss: 0.0061, Avg. Train Accuracy: 99.84%
End of Epoch 72: Avg. Val Loss: 0.0900, Avg. Val Accuracy: 97.97%
End of Epoch 73: Avg. Train Loss: 0.0060, Avg. Train Accuracy: 99.84%
End of Epoch 73: Avg. Val Loss: 0.0970, Avg. Val Accuracy: 97.57%
End of Epoch 74: Avg. Train Loss: 0.0067, Avg. Train Accuracy: 99.82%
End of Epoch 74: Avg. Val Loss: 0.0830, Avg. Val Accuracy: 97.73%
End of Epoch 75: Avg. Train Loss: 0.0059, Avg. Train Accuracy: 99.84%
End of Epoch 75: Avg. Val Loss: 0.0844, Avg. Val Accuracy: 98.22%
End of Epoch 76: Avg. Train Loss: 0.0065, Avg. Train Accuracy: 99.82%
End of Epoch 76: Avg. Val Loss: 0.0999, Avg. Val Accuracy: 97.80%
End of Epoch 77: Avg. Train Loss: 0.0062, Avg. Train Accuracy: 99.83%
End of Epoch 77: Avg. Val Loss: 0.0834, Avg. Val Accuracy: 98.15%
End of Epoch 78: Avg. Train Loss: 0.0061, Avg. Train Accuracy: 99.84%
End of Epoch 78: Avg. Val Loss: 0.0804, Avg. Val Accuracy: 97.91%
End of Epoch 79: Avg. Train Loss: 0.0057, Avg. Train Accuracy: 99.85%
End of Epoch 79: Avg. Val Loss: 0.0823, Avg. Val Accuracy: 98.18%
End of Epoch 80: Avg. Train Loss: 0.0057, Avg. Train Accuracy: 99.85%
End of Epoch 80: Avg. Val Loss: 0.0867, Avg. Val Accuracy: 98.24%
New best model found at epoch 80 with Val Loss: 0.0867 and Val Accuracy: 98.24%
End of Epoch 81: Avg. Train Loss: 0.0055, Avg. Train Accuracy: 99.85%
End of Epoch 81: Avg. Val Loss: 0.0744, Avg. Val Accuracy: 98.28%
New best model found at epoch 81 with Val Loss: 0.0744 and Val Accuracy: 98.28%
End of Epoch 82: Avg. Train Loss: 0.0059, Avg. Train Accuracy: 99.84%
End of Epoch 82: Avg. Val Loss: 0.0781, Avg. Val Accuracy: 98.24%
End of Epoch 83: Avg. Train Loss: 0.0059, Avg. Train Accuracy: 99.84%
End of Epoch 83: Avg. Val Loss: 0.0847, Avg. Val Accuracy: 98.00%
End of Epoch 84: Avg. Train Loss: 0.0060, Avg. Train Accuracy: 99.84%
End of Epoch 84: Avg. Val Loss: 0.0916, Avg. Val Accuracy: 98.16%
End of Epoch 85: Avg. Train Loss: 0.0055, Avg. Train Accuracy: 99.85%
End of Epoch 85: Avg. Val Loss: 0.0821, Avg. Val Accuracy: 98.20%
End of Epoch 86: Avg. Train Loss: 0.0057, Avg. Train Accuracy: 99.85%
End of Epoch 86: Avg. Val Loss: 0.1005, Avg. Val Accuracy: 97.53%
End of Epoch 87: Avg. Train Loss: 0.0060, Avg. Train Accuracy: 99.84%
End of Epoch 87: Avg. Val Loss: 0.0833, Avg. Val Accuracy: 98.04%
End of Epoch 88: Avg. Train Loss: 0.0054, Avg. Train Accuracy: 99.85%
End of Epoch 88: Avg. Val Loss: 0.0784, Avg. Val Accuracy: 98.19%
End of Epoch 89: Avg. Train Loss: 0.0053, Avg. Train Accuracy: 99.86%
End of Epoch 89: Avg. Val Loss: 0.0832, Avg. Val Accuracy: 98.16%
End of Epoch 90: Avg. Train Loss: 0.0052, Avg. Train Accuracy: 99.86%
End of Epoch 90: Avg. Val Loss: 0.0779, Avg. Val Accuracy: 98.30%
New best model found at epoch 90 with Val Loss: 0.0779 and Val Accuracy: 98.30%
End of Epoch 91: Avg. Train Loss: 0.0051, Avg. Train Accuracy: 99.87%
End of Epoch 91: Avg. Val Loss: 0.0862, Avg. Val Accuracy: 98.08%
End of Epoch 92: Avg. Train Loss: 0.0053, Avg. Train Accuracy: 99.86%
End of Epoch 92: Avg. Val Loss: 0.0748, Avg. Val Accuracy: 98.19%
End of Epoch 93: Avg. Train Loss: 0.0053, Avg. Train Accuracy: 99.85%
End of Epoch 93: Avg. Val Loss: 0.0853, Avg. Val Accuracy: 98.05%
End of Epoch 94: Avg. Train Loss: 0.0053, Avg. Train Accuracy: 99.85%
End of Epoch 94: Avg. Val Loss: 0.0758, Avg. Val Accuracy: 98.20%
End of Epoch 95: Avg. Train Loss: 0.0055, Avg. Train Accuracy: 99.85%
End of Epoch 95: Avg. Val Loss: 0.0771, Avg. Val Accuracy: 98.19%
End of Epoch 96: Avg. Train Loss: 0.0048, Avg. Train Accuracy: 99.87%
End of Epoch 96: Avg. Val Loss: 0.0763, Avg. Val Accuracy: 98.22%
End of Epoch 97: Avg. Train Loss: 0.0054, Avg. Train Accuracy: 99.85%
End of Epoch 97: Avg. Val Loss: 0.0819, Avg. Val Accuracy: 98.22%
End of Epoch 98: Avg. Train Loss: 0.0052, Avg. Train Accuracy: 99.86%
End of Epoch 98: Avg. Val Loss: 0.0899, Avg. Val Accuracy: 98.11%
End of Epoch 99: Avg. Train Loss: 0.0048, Avg. Train Accuracy: 99.86%
End of Epoch 99: Avg. Val Loss: 0.0789, Avg. Val Accuracy: 98.31%
New best model found at epoch 99 with Val Loss: 0.0789 and Val Accuracy: 98.31%
End of Epoch 100: Avg. Train Loss: 0.0054, Avg. Train Accuracy: 99.85%
End of Epoch 100: Avg. Val Loss: 0.1030, Avg. Val Accuracy: 97.54%
End of Epoch 101: Avg. Train Loss: 0.0057, Avg. Train Accuracy: 99.85%
End of Epoch 101: Avg. Val Loss: 0.0896, Avg. Val Accuracy: 97.97%
End of Epoch 102: Avg. Train Loss: 0.0047, Avg. Train Accuracy: 99.87%
End of Epoch 102: Avg. Val Loss: 0.0710, Avg. Val Accuracy: 98.41%
New best model found at epoch 102 with Val Loss: 0.0710 and Val Accuracy: 98.41%
End of Epoch 103: Avg. Train Loss: 0.0044, Avg. Train Accuracy: 99.88%
End of Epoch 103: Avg. Val Loss: 0.0753, Avg. Val Accuracy: 98.42%
New best model found at epoch 103 with Val Loss: 0.0753 and Val Accuracy: 98.42%
End of Epoch 104: Avg. Train Loss: 0.0057, Avg. Train Accuracy: 99.85%
End of Epoch 104: Avg. Val Loss: 0.0886, Avg. Val Accuracy: 97.89%
End of Epoch 105: Avg. Train Loss: 0.0049, Avg. Train Accuracy: 99.86%
End of Epoch 105: Avg. Val Loss: 0.0810, Avg. Val Accuracy: 98.03%
End of Epoch 106: Avg. Train Loss: 0.0055, Avg. Train Accuracy: 99.85%
End of Epoch 106: Avg. Val Loss: 0.0873, Avg. Val Accuracy: 98.08%
End of Epoch 107: Avg. Train Loss: 0.0047, Avg. Train Accuracy: 99.87%
End of Epoch 107: Avg. Val Loss: 0.0800, Avg. Val Accuracy: 98.08%
End of Epoch 108: Avg. Train Loss: 0.0045, Avg. Train Accuracy: 99.88%
End of Epoch 108: Avg. Val Loss: 0.0711, Avg. Val Accuracy: 98.35%
End of Epoch 109: Avg. Train Loss: 0.0049, Avg. Train Accuracy: 99.87%
End of Epoch 109: Avg. Val Loss: 0.0758, Avg. Val Accuracy: 98.28%
End of Epoch 110: Avg. Train Loss: 0.0046, Avg. Train Accuracy: 99.87%
End of Epoch 110: Avg. Val Loss: 0.0777, Avg. Val Accuracy: 98.35%
End of Epoch 111: Avg. Train Loss: 0.0050, Avg. Train Accuracy: 99.86%
End of Epoch 111: Avg. Val Loss: 0.0759, Avg. Val Accuracy: 98.19%
End of Epoch 112: Avg. Train Loss: 0.0048, Avg. Train Accuracy: 99.87%
End of Epoch 112: Avg. Val Loss: 0.0815, Avg. Val Accuracy: 98.27%
End of Epoch 113: Avg. Train Loss: 0.0056, Avg. Train Accuracy: 99.85%
End of Epoch 113: Avg. Val Loss: 0.0888, Avg. Val Accuracy: 98.09%
End of Epoch 114: Avg. Train Loss: 0.0049, Avg. Train Accuracy: 99.86%
End of Epoch 114: Avg. Val Loss: 0.0801, Avg. Val Accuracy: 98.20%
End of Epoch 115: Avg. Train Loss: 0.0046, Avg. Train Accuracy: 99.88%
End of Epoch 115: Avg. Val Loss: 0.0805, Avg. Val Accuracy: 98.22%
End of Epoch 116: Avg. Train Loss: 0.0047, Avg. Train Accuracy: 99.87%
End of Epoch 116: Avg. Val Loss: 0.0826, Avg. Val Accuracy: 98.16%
End of Epoch 117: Avg. Train Loss: 0.0046, Avg. Train Accuracy: 99.87%
End of Epoch 117: Avg. Val Loss: 0.0786, Avg. Val Accuracy: 98.07%
End of Epoch 118: Avg. Train Loss: 0.0054, Avg. Train Accuracy: 99.86%
End of Epoch 118: Avg. Val Loss: 0.0759, Avg. Val Accuracy: 98.16%
End of Epoch 119: Avg. Train Loss: 0.0044, Avg. Train Accuracy: 99.87%
End of Epoch 119: Avg. Val Loss: 0.0872, Avg. Val Accuracy: 97.80%
End of Epoch 120: Avg. Train Loss: 0.0043, Avg. Train Accuracy: 99.88%
End of Epoch 120: Avg. Val Loss: 0.0831, Avg. Val Accuracy: 98.28%
End of Epoch 121: Avg. Train Loss: 0.0048, Avg. Train Accuracy: 99.87%
End of Epoch 121: Avg. Val Loss: 0.0884, Avg. Val Accuracy: 98.23%
End of Epoch 122: Avg. Train Loss: 0.0046, Avg. Train Accuracy: 99.87%
End of Epoch 122: Avg. Val Loss: 0.0910, Avg. Val Accuracy: 98.09%
End of Epoch 123: Avg. Train Loss: 0.0047, Avg. Train Accuracy: 99.87%
End of Epoch 123: Avg. Val Loss: 0.0760, Avg. Val Accuracy: 98.35%
End of Epoch 124: Avg. Train Loss: 0.0038, Avg. Train Accuracy: 99.89%
End of Epoch 124: Avg. Val Loss: 0.0806, Avg. Val Accuracy: 98.41%
End of Epoch 125: Avg. Train Loss: 0.0043, Avg. Train Accuracy: 99.88%
End of Epoch 125: Avg. Val Loss: 0.0837, Avg. Val Accuracy: 98.14%
End of Epoch 126: Avg. Train Loss: 0.0043, Avg. Train Accuracy: 99.88%
End of Epoch 126: Avg. Val Loss: 0.0821, Avg. Val Accuracy: 98.35%
End of Epoch 127: Avg. Train Loss: 0.0042, Avg. Train Accuracy: 99.88%
End of Epoch 127: Avg. Val Loss: 0.0795, Avg. Val Accuracy: 98.34%
End of Epoch 128: Avg. Train Loss: 0.0044, Avg. Train Accuracy: 99.88%
End of Epoch 128: Avg. Val Loss: 0.0810, Avg. Val Accuracy: 98.30%
End of Epoch 129: Avg. Train Loss: 0.0041, Avg. Train Accuracy: 99.88%
End of Epoch 129: Avg. Val Loss: 0.0803, Avg. Val Accuracy: 98.34%
End of Epoch 130: Avg. Train Loss: 0.0046, Avg. Train Accuracy: 99.87%
End of Epoch 130: Avg. Val Loss: 0.0817, Avg. Val Accuracy: 98.16%
End of Epoch 131: Avg. Train Loss: 0.0042, Avg. Train Accuracy: 99.88%
End of Epoch 131: Avg. Val Loss: 0.0836, Avg. Val Accuracy: 98.09%
End of Epoch 132: Avg. Train Loss: 0.0049, Avg. Train Accuracy: 99.86%
End of Epoch 132: Avg. Val Loss: 0.0793, Avg. Val Accuracy: 98.35%
End of Epoch 133: Avg. Train Loss: 0.0040, Avg. Train Accuracy: 99.89%
End of Epoch 133: Avg. Val Loss: 0.0737, Avg. Val Accuracy: 98.36%
End of Epoch 134: Avg. Train Loss: 0.0043, Avg. Train Accuracy: 99.88%
End of Epoch 134: Avg. Val Loss: 0.0860, Avg. Val Accuracy: 98.15%
End of Epoch 135: Avg. Train Loss: 0.0040, Avg. Train Accuracy: 99.89%
End of Epoch 135: Avg. Val Loss: 0.0727, Avg. Val Accuracy: 98.50%
New best model found at epoch 135 with Val Loss: 0.0727 and Val Accuracy: 98.50%
End of Epoch 136: Avg. Train Loss: 0.0038, Avg. Train Accuracy: 99.89%
End of Epoch 136: Avg. Val Loss: 0.0808, Avg. Val Accuracy: 98.38%
End of Epoch 137: Avg. Train Loss: 0.0042, Avg. Train Accuracy: 99.88%
End of Epoch 137: Avg. Val Loss: 0.0875, Avg. Val Accuracy: 98.31%
End of Epoch 138: Avg. Train Loss: 0.0048, Avg. Train Accuracy: 99.87%
End of Epoch 138: Avg. Val Loss: 0.0919, Avg. Val Accuracy: 98.23%
End of Epoch 139: Avg. Train Loss: 0.0048, Avg. Train Accuracy: 99.87%
End of Epoch 139: Avg. Val Loss: 0.0745, Avg. Val Accuracy: 98.26%
End of Epoch 140: Avg. Train Loss: 0.0041, Avg. Train Accuracy: 99.88%
End of Epoch 140: Avg. Val Loss: 0.0949, Avg. Val Accuracy: 97.81%
End of Epoch 141: Avg. Train Loss: 0.0041, Avg. Train Accuracy: 99.88%
End of Epoch 141: Avg. Val Loss: 0.1117, Avg. Val Accuracy: 97.81%
End of Epoch 142: Avg. Train Loss: 0.0047, Avg. Train Accuracy: 99.87%
End of Epoch 142: Avg. Val Loss: 0.0829, Avg. Val Accuracy: 97.91%
End of Epoch 143: Avg. Train Loss: 0.0039, Avg. Train Accuracy: 99.89%
End of Epoch 143: Avg. Val Loss: 0.0867, Avg. Val Accuracy: 98.24%
End of Epoch 144: Avg. Train Loss: 0.0039, Avg. Train Accuracy: 99.89%
End of Epoch 144: Avg. Val Loss: 0.0826, Avg. Val Accuracy: 98.57%
New best model found at epoch 144 with Val Loss: 0.0826 and Val Accuracy: 98.57%
End of Epoch 145: Avg. Train Loss: 0.0040, Avg. Train Accuracy: 99.89%
End of Epoch 145: Avg. Val Loss: 0.0769, Avg. Val Accuracy: 98.31%
End of Epoch 146: Avg. Train Loss: 0.0039, Avg. Train Accuracy: 99.89%
End of Epoch 146: Avg. Val Loss: 0.0793, Avg. Val Accuracy: 98.32%
End of Epoch 147: Avg. Train Loss: 0.0040, Avg. Train Accuracy: 99.89%
End of Epoch 147: Avg. Val Loss: 0.0756, Avg. Val Accuracy: 98.32%
End of Epoch 148: Avg. Train Loss: 0.0043, Avg. Train Accuracy: 99.88%
End of Epoch 148: Avg. Val Loss: 0.0926, Avg. Val Accuracy: 97.95%
End of Epoch 149: Avg. Train Loss: 0.0042, Avg. Train Accuracy: 99.88%
End of Epoch 149: Avg. Val Loss: 0.0726, Avg. Val Accuracy: 98.24%
End of Epoch 150: Avg. Train Loss: 0.0038, Avg. Train Accuracy: 99.89%
End of Epoch 150: Avg. Val Loss: 0.0743, Avg. Val Accuracy: 98.16%
End of Epoch 151: Avg. Train Loss: 0.0036, Avg. Train Accuracy: 99.90%
End of Epoch 151: Avg. Val Loss: 0.0862, Avg. Val Accuracy: 98.08%
End of Epoch 152: Avg. Train Loss: 0.0037, Avg. Train Accuracy: 99.89%
End of Epoch 152: Avg. Val Loss: 0.0847, Avg. Val Accuracy: 98.23%
End of Epoch 153: Avg. Train Loss: 0.0041, Avg. Train Accuracy: 99.88%
End of Epoch 153: Avg. Val Loss: 0.0758, Avg. Val Accuracy: 98.43%
End of Epoch 154: Avg. Train Loss: 0.0042, Avg. Train Accuracy: 99.88%
End of Epoch 154: Avg. Val Loss: 0.0818, Avg. Val Accuracy: 98.28%
End of Epoch 155: Avg. Train Loss: 0.0041, Avg. Train Accuracy: 99.88%
End of Epoch 155: Avg. Val Loss: 0.0928, Avg. Val Accuracy: 98.18%
End of Epoch 156: Avg. Train Loss: 0.0041, Avg. Train Accuracy: 99.88%
End of Epoch 156: Avg. Val Loss: 0.0784, Avg. Val Accuracy: 98.28%
End of Epoch 157: Avg. Train Loss: 0.0039, Avg. Train Accuracy: 99.89%
End of Epoch 157: Avg. Val Loss: 0.0711, Avg. Val Accuracy: 98.46%
End of Epoch 158: Avg. Train Loss: 0.0036, Avg. Train Accuracy: 99.89%
End of Epoch 158: Avg. Val Loss: 0.0742, Avg. Val Accuracy: 98.36%
End of Epoch 159: Avg. Train Loss: 0.0037, Avg. Train Accuracy: 99.89%
End of Epoch 159: Avg. Val Loss: 0.0825, Avg. Val Accuracy: 98.20%
End of Epoch 160: Avg. Train Loss: 0.0041, Avg. Train Accuracy: 99.88%
End of Epoch 160: Avg. Val Loss: 0.0818, Avg. Val Accuracy: 98.15%
End of Epoch 161: Avg. Train Loss: 0.0040, Avg. Train Accuracy: 99.88%
End of Epoch 161: Avg. Val Loss: 0.0758, Avg. Val Accuracy: 98.47%
End of Epoch 162: Avg. Train Loss: 0.0039, Avg. Train Accuracy: 99.89%
End of Epoch 162: Avg. Val Loss: 0.0728, Avg. Val Accuracy: 98.42%
End of Epoch 163: Avg. Train Loss: 0.0035, Avg. Train Accuracy: 99.90%
End of Epoch 163: Avg. Val Loss: 0.0825, Avg. Val Accuracy: 98.24%
End of Epoch 164: Avg. Train Loss: 0.0038, Avg. Train Accuracy: 99.89%
End of Epoch 164: Avg. Val Loss: 0.0730, Avg. Val Accuracy: 98.35%
End of Epoch 165: Avg. Train Loss: 0.0038, Avg. Train Accuracy: 99.89%
End of Epoch 165: Avg. Val Loss: 0.0719, Avg. Val Accuracy: 98.53%
End of Epoch 166: Avg. Train Loss: 0.0035, Avg. Train Accuracy: 99.90%
End of Epoch 166: Avg. Val Loss: 0.0845, Avg. Val Accuracy: 98.24%
End of Epoch 167: Avg. Train Loss: 0.0038, Avg. Train Accuracy: 99.89%
End of Epoch 167: Avg. Val Loss: 0.0935, Avg. Val Accuracy: 98.01%
End of Epoch 168: Avg. Train Loss: 0.0039, Avg. Train Accuracy: 99.89%
End of Epoch 168: Avg. Val Loss: 0.0773, Avg. Val Accuracy: 98.39%
End of Epoch 169: Avg. Train Loss: 0.0034, Avg. Train Accuracy: 99.90%
End of Epoch 169: Avg. Val Loss: 0.0746, Avg. Val Accuracy: 98.42%
End of Epoch 170: Avg. Train Loss: 0.0043, Avg. Train Accuracy: 99.88%
End of Epoch 170: Avg. Val Loss: 0.0855, Avg. Val Accuracy: 98.23%
End of Epoch 171: Avg. Train Loss: 0.0039, Avg. Train Accuracy: 99.89%
End of Epoch 171: Avg. Val Loss: 0.0691, Avg. Val Accuracy: 98.51%
End of Epoch 172: Avg. Train Loss: 0.0034, Avg. Train Accuracy: 99.90%
End of Epoch 172: Avg. Val Loss: 0.0862, Avg. Val Accuracy: 98.30%
End of Epoch 173: Avg. Train Loss: 0.0034, Avg. Train Accuracy: 99.90%
End of Epoch 173: Avg. Val Loss: 0.0810, Avg. Val Accuracy: 98.43%
End of Epoch 174: Avg. Train Loss: 0.0036, Avg. Train Accuracy: 99.90%
End of Epoch 174: Avg. Val Loss: 0.0804, Avg. Val Accuracy: 98.34%
End of Epoch 175: Avg. Train Loss: 0.0037, Avg. Train Accuracy: 99.89%
End of Epoch 175: Avg. Val Loss: 0.0869, Avg. Val Accuracy: 98.35%
End of Epoch 176: Avg. Train Loss: 0.0038, Avg. Train Accuracy: 99.89%
End of Epoch 176: Avg. Val Loss: 0.0799, Avg. Val Accuracy: 98.38%
End of Epoch 177: Avg. Train Loss: 0.0037, Avg. Train Accuracy: 99.89%
End of Epoch 177: Avg. Val Loss: 0.0792, Avg. Val Accuracy: 98.22%
End of Epoch 178: Avg. Train Loss: 0.0035, Avg. Train Accuracy: 99.90%
End of Epoch 178: Avg. Val Loss: 0.0712, Avg. Val Accuracy: 98.54%
End of Epoch 179: Avg. Train Loss: 0.0034, Avg. Train Accuracy: 99.90%
End of Epoch 179: Avg. Val Loss: 0.0746, Avg. Val Accuracy: 98.41%
End of Epoch 180: Avg. Train Loss: 0.0037, Avg. Train Accuracy: 99.89%
End of Epoch 180: Avg. Val Loss: 0.0770, Avg. Val Accuracy: 98.50%
End of Epoch 181: Avg. Train Loss: 0.0033, Avg. Train Accuracy: 99.90%
End of Epoch 181: Avg. Val Loss: 0.0769, Avg. Val Accuracy: 98.34%
End of Epoch 182: Avg. Train Loss: 0.0033, Avg. Train Accuracy: 99.90%
End of Epoch 182: Avg. Val Loss: 0.0771, Avg. Val Accuracy: 98.41%
End of Epoch 183: Avg. Train Loss: 0.0044, Avg. Train Accuracy: 99.88%
End of Epoch 183: Avg. Val Loss: 0.1028, Avg. Val Accuracy: 97.78%
End of Epoch 184: Avg. Train Loss: 0.0040, Avg. Train Accuracy: 99.88%
End of Epoch 184: Avg. Val Loss: 0.0993, Avg. Val Accuracy: 98.09%
End of Epoch 185: Avg. Train Loss: 0.0034, Avg. Train Accuracy: 99.90%
End of Epoch 185: Avg. Val Loss: 0.0732, Avg. Val Accuracy: 98.50%
End of Epoch 186: Avg. Train Loss: 0.0031, Avg. Train Accuracy: 99.91%
End of Epoch 186: Avg. Val Loss: 0.0819, Avg. Val Accuracy: 98.23%
End of Epoch 187: Avg. Train Loss: 0.0035, Avg. Train Accuracy: 99.90%
End of Epoch 187: Avg. Val Loss: 0.0903, Avg. Val Accuracy: 98.09%
End of Epoch 188: Avg. Train Loss: 0.0034, Avg. Train Accuracy: 99.90%
End of Epoch 188: Avg. Val Loss: 0.0842, Avg. Val Accuracy: 98.42%
End of Epoch 189: Avg. Train Loss: 0.0034, Avg. Train Accuracy: 99.90%
End of Epoch 189: Avg. Val Loss: 0.0795, Avg. Val Accuracy: 98.50%
End of Epoch 190: Avg. Train Loss: 0.0033, Avg. Train Accuracy: 99.90%
End of Epoch 190: Avg. Val Loss: 0.0945, Avg. Val Accuracy: 98.19%
End of Epoch 191: Avg. Train Loss: 0.0034, Avg. Train Accuracy: 99.90%
End of Epoch 191: Avg. Val Loss: 0.0820, Avg. Val Accuracy: 98.36%
End of Epoch 192: Avg. Train Loss: 0.0036, Avg. Train Accuracy: 99.90%
End of Epoch 192: Avg. Val Loss: 0.0896, Avg. Val Accuracy: 98.32%
End of Epoch 193: Avg. Train Loss: 0.0033, Avg. Train Accuracy: 99.90%
End of Epoch 193: Avg. Val Loss: 0.0953, Avg. Val Accuracy: 98.30%
End of Epoch 194: Avg. Train Loss: 0.0031, Avg. Train Accuracy: 99.91%
End of Epoch 194: Avg. Val Loss: 0.0813, Avg. Val Accuracy: 98.45%
End of Epoch 195: Avg. Train Loss: 0.0032, Avg. Train Accuracy: 99.91%
End of Epoch 195: Avg. Val Loss: 0.0887, Avg. Val Accuracy: 98.22%
End of Epoch 196: Avg. Train Loss: 0.0032, Avg. Train Accuracy: 99.91%
End of Epoch 196: Avg. Val Loss: 0.0980, Avg. Val Accuracy: 98.32%
End of Epoch 197: Avg. Train Loss: 0.0037, Avg. Train Accuracy: 99.90%
End of Epoch 197: Avg. Val Loss: 0.0834, Avg. Val Accuracy: 98.38%
End of Epoch 198: Avg. Train Loss: 0.0032, Avg. Train Accuracy: 99.90%
End of Epoch 198: Avg. Val Loss: 0.0894, Avg. Val Accuracy: 98.14%
End of Epoch 199: Avg. Train Loss: 0.0039, Avg. Train Accuracy: 99.89%
End of Epoch 199: Avg. Val Loss: 0.0870, Avg. Val Accuracy: 98.35%
End of Epoch 200: Avg. Train Loss: 0.0037, Avg. Train Accuracy: 99.89%
End of Epoch 200: Avg. Val Loss: 0.0826, Avg. Val Accuracy: 98.53%
End of Epoch 201: Avg. Train Loss: 0.0033, Avg. Train Accuracy: 99.90%
End of Epoch 201: Avg. Val Loss: 0.0761, Avg. Val Accuracy: 98.54%
End of Epoch 202: Avg. Train Loss: 0.0034, Avg. Train Accuracy: 99.90%
End of Epoch 202: Avg. Val Loss: 0.0910, Avg. Val Accuracy: 98.20%
End of Epoch 203: Avg. Train Loss: 0.0037, Avg. Train Accuracy: 99.89%
End of Epoch 203: Avg. Val Loss: 0.0885, Avg. Val Accuracy: 98.18%
End of Epoch 204: Avg. Train Loss: 0.0037, Avg. Train Accuracy: 99.89%
End of Epoch 204: Avg. Val Loss: 0.0861, Avg. Val Accuracy: 98.26%
End of Epoch 205: Avg. Train Loss: 0.0034, Avg. Train Accuracy: 99.90%
End of Epoch 205: Avg. Val Loss: 0.0825, Avg. Val Accuracy: 98.30%
End of Epoch 206: Avg. Train Loss: 0.0031, Avg. Train Accuracy: 99.91%
End of Epoch 206: Avg. Val Loss: 0.0793, Avg. Val Accuracy: 98.45%
End of Epoch 207: Avg. Train Loss: 0.0027, Avg. Train Accuracy: 99.92%
End of Epoch 207: Avg. Val Loss: 0.0902, Avg. Val Accuracy: 98.35%
End of Epoch 208: Avg. Train Loss: 0.0031, Avg. Train Accuracy: 99.91%
End of Epoch 208: Avg. Val Loss: 0.0839, Avg. Val Accuracy: 98.23%
End of Epoch 209: Avg. Train Loss: 0.0034, Avg. Train Accuracy: 99.90%
End of Epoch 209: Avg. Val Loss: 0.0901, Avg. Val Accuracy: 98.27%
End of Epoch 210: Avg. Train Loss: 0.0033, Avg. Train Accuracy: 99.90%
End of Epoch 210: Avg. Val Loss: 0.1006, Avg. Val Accuracy: 98.15%
End of Epoch 211: Avg. Train Loss: 0.0035, Avg. Train Accuracy: 99.90%
End of Epoch 211: Avg. Val Loss: 0.1012, Avg. Val Accuracy: 98.15%
End of Epoch 212: Avg. Train Loss: 0.0033, Avg. Train Accuracy: 99.90%
End of Epoch 212: Avg. Val Loss: 0.0928, Avg. Val Accuracy: 98.15%
End of Epoch 213: Avg. Train Loss: 0.0029, Avg. Train Accuracy: 99.91%
End of Epoch 213: Avg. Val Loss: 0.0859, Avg. Val Accuracy: 98.50%
End of Epoch 214: Avg. Train Loss: 0.0036, Avg. Train Accuracy: 99.90%
End of Epoch 214: Avg. Val Loss: 0.0927, Avg. Val Accuracy: 98.24%
End of Epoch 215: Avg. Train Loss: 0.0035, Avg. Train Accuracy: 99.90%
End of Epoch 215: Avg. Val Loss: 0.0917, Avg. Val Accuracy: 98.34%
End of Epoch 216: Avg. Train Loss: 0.0032, Avg. Train Accuracy: 99.90%
End of Epoch 216: Avg. Val Loss: 0.0924, Avg. Val Accuracy: 98.53%
End of Epoch 217: Avg. Train Loss: 0.0030, Avg. Train Accuracy: 99.91%
End of Epoch 217: Avg. Val Loss: 0.1042, Avg. Val Accuracy: 98.18%
End of Epoch 218: Avg. Train Loss: 0.0030, Avg. Train Accuracy: 99.91%
End of Epoch 218: Avg. Val Loss: 0.0937, Avg. Val Accuracy: 98.32%
End of Epoch 219: Avg. Train Loss: 0.0032, Avg. Train Accuracy: 99.91%
End of Epoch 219: Avg. Val Loss: 0.0850, Avg. Val Accuracy: 98.36%
End of Epoch 220: Avg. Train Loss: 0.0029, Avg. Train Accuracy: 99.91%
End of Epoch 220: Avg. Val Loss: 0.0919, Avg. Val Accuracy: 98.45%
End of Epoch 221: Avg. Train Loss: 0.0031, Avg. Train Accuracy: 99.91%
End of Epoch 221: Avg. Val Loss: 0.0984, Avg. Val Accuracy: 98.28%
End of Epoch 222: Avg. Train Loss: 0.0035, Avg. Train Accuracy: 99.90%
End of Epoch 222: Avg. Val Loss: 0.0877, Avg. Val Accuracy: 98.14%
End of Epoch 223: Avg. Train Loss: 0.0034, Avg. Train Accuracy: 99.90%
End of Epoch 223: Avg. Val Loss: 0.0745, Avg. Val Accuracy: 98.53%
End of Epoch 224: Avg. Train Loss: 0.0026, Avg. Train Accuracy: 99.92%
End of Epoch 224: Avg. Val Loss: 0.0822, Avg. Val Accuracy: 98.62%
New best model found at epoch 224 with Val Loss: 0.0822 and Val Accuracy: 98.62%
End of Epoch 225: Avg. Train Loss: 0.0028, Avg. Train Accuracy: 99.91%
End of Epoch 225: Avg. Val Loss: 0.0866, Avg. Val Accuracy: 98.47%
End of Epoch 226: Avg. Train Loss: 0.0034, Avg. Train Accuracy: 99.90%
End of Epoch 226: Avg. Val Loss: 0.0780, Avg. Val Accuracy: 98.55%
End of Epoch 227: Avg. Train Loss: 0.0039, Avg. Train Accuracy: 99.90%
End of Epoch 227: Avg. Val Loss: 0.0907, Avg. Val Accuracy: 98.14%
End of Epoch 228: Avg. Train Loss: 0.0035, Avg. Train Accuracy: 99.89%
End of Epoch 228: Avg. Val Loss: 0.0802, Avg. Val Accuracy: 98.46%
End of Epoch 229: Avg. Train Loss: 0.0028, Avg. Train Accuracy: 99.91%
End of Epoch 229: Avg. Val Loss: 0.0906, Avg. Val Accuracy: 98.27%
End of Epoch 230: Avg. Train Loss: 0.0031, Avg. Train Accuracy: 99.91%
End of Epoch 230: Avg. Val Loss: 0.0845, Avg. Val Accuracy: 98.32%
End of Epoch 231: Avg. Train Loss: 0.0027, Avg. Train Accuracy: 99.92%
End of Epoch 231: Avg. Val Loss: 0.0920, Avg. Val Accuracy: 98.28%
End of Epoch 232: Avg. Train Loss: 0.0032, Avg. Train Accuracy: 99.91%
End of Epoch 232: Avg. Val Loss: 0.0795, Avg. Val Accuracy: 98.36%
End of Epoch 233: Avg. Train Loss: 0.0029, Avg. Train Accuracy: 99.91%
End of Epoch 233: Avg. Val Loss: 0.0986, Avg. Val Accuracy: 98.30%
End of Epoch 234: Avg. Train Loss: 0.0032, Avg. Train Accuracy: 99.90%
End of Epoch 234: Avg. Val Loss: 0.0864, Avg. Val Accuracy: 98.42%
End of Epoch 235: Avg. Train Loss: 0.0029, Avg. Train Accuracy: 99.91%
End of Epoch 235: Avg. Val Loss: 0.0901, Avg. Val Accuracy: 98.41%
End of Epoch 236: Avg. Train Loss: 0.0031, Avg. Train Accuracy: 99.91%
End of Epoch 236: Avg. Val Loss: 0.0878, Avg. Val Accuracy: 98.51%
End of Epoch 237: Avg. Train Loss: 0.0035, Avg. Train Accuracy: 99.90%
End of Epoch 237: Avg. Val Loss: 0.0789, Avg. Val Accuracy: 98.50%
End of Epoch 238: Avg. Train Loss: 0.0034, Avg. Train Accuracy: 99.90%
End of Epoch 238: Avg. Val Loss: 0.0983, Avg. Val Accuracy: 98.36%
End of Epoch 239: Avg. Train Loss: 0.0026, Avg. Train Accuracy: 99.92%
End of Epoch 239: Avg. Val Loss: 0.0859, Avg. Val Accuracy: 98.57%
End of Epoch 240: Avg. Train Loss: 0.0027, Avg. Train Accuracy: 99.92%
End of Epoch 240: Avg. Val Loss: 0.0897, Avg. Val Accuracy: 98.32%
End of Epoch 241: Avg. Train Loss: 0.0029, Avg. Train Accuracy: 99.92%
End of Epoch 241: Avg. Val Loss: 0.0906, Avg. Val Accuracy: 98.30%
End of Epoch 242: Avg. Train Loss: 0.0029, Avg. Train Accuracy: 99.91%
End of Epoch 242: Avg. Val Loss: 0.0878, Avg. Val Accuracy: 98.55%
End of Epoch 243: Avg. Train Loss: 0.0030, Avg. Train Accuracy: 99.91%
End of Epoch 243: Avg. Val Loss: 0.0948, Avg. Val Accuracy: 98.38%
End of Epoch 244: Avg. Train Loss: 0.0037, Avg. Train Accuracy: 99.90%
End of Epoch 244: Avg. Val Loss: 0.0834, Avg. Val Accuracy: 98.28%
End of Epoch 245: Avg. Train Loss: 0.0030, Avg. Train Accuracy: 99.91%
End of Epoch 245: Avg. Val Loss: 0.0783, Avg. Val Accuracy: 98.58%
End of Epoch 246: Avg. Train Loss: 0.0026, Avg. Train Accuracy: 99.92%
End of Epoch 246: Avg. Val Loss: 0.0988, Avg. Val Accuracy: 98.49%
End of Epoch 247: Avg. Train Loss: 0.0027, Avg. Train Accuracy: 99.92%
End of Epoch 247: Avg. Val Loss: 0.0916, Avg. Val Accuracy: 98.42%
End of Epoch 248: Avg. Train Loss: 0.0027, Avg. Train Accuracy: 99.92%
End of Epoch 248: Avg. Val Loss: 0.0876, Avg. Val Accuracy: 98.42%
End of Epoch 249: Avg. Train Loss: 0.0035, Avg. Train Accuracy: 99.90%
End of Epoch 249: Avg. Val Loss: 0.0848, Avg. Val Accuracy: 98.53%
End of Epoch 250: Avg. Train Loss: 0.0029, Avg. Train Accuracy: 99.91%
End of Epoch 250: Avg. Val Loss: 0.0802, Avg. Val Accuracy: 98.45%
End of Epoch 251: Avg. Train Loss: 0.0030, Avg. Train Accuracy: 99.91%
End of Epoch 251: Avg. Val Loss: 0.0938, Avg. Val Accuracy: 98.49%
End of Epoch 252: Avg. Train Loss: 0.0032, Avg. Train Accuracy: 99.91%
End of Epoch 252: Avg. Val Loss: 0.0861, Avg. Val Accuracy: 98.39%
End of Epoch 253: Avg. Train Loss: 0.0030, Avg. Train Accuracy: 99.91%
End of Epoch 253: Avg. Val Loss: 0.0871, Avg. Val Accuracy: 98.26%
End of Epoch 254: Avg. Train Loss: 0.0030, Avg. Train Accuracy: 99.91%
End of Epoch 254: Avg. Val Loss: 0.0835, Avg. Val Accuracy: 98.53%
End of Epoch 255: Avg. Train Loss: 0.0028, Avg. Train Accuracy: 99.92%
End of Epoch 255: Avg. Val Loss: 0.0849, Avg. Val Accuracy: 98.61%
End of Epoch 256: Avg. Train Loss: 0.0026, Avg. Train Accuracy: 99.92%
End of Epoch 256: Avg. Val Loss: 0.0863, Avg. Val Accuracy: 98.49%
End of Epoch 257: Avg. Train Loss: 0.0031, Avg. Train Accuracy: 99.91%
End of Epoch 257: Avg. Val Loss: 0.0923, Avg. Val Accuracy: 98.46%
End of Epoch 258: Avg. Train Loss: 0.0028, Avg. Train Accuracy: 99.92%
End of Epoch 258: Avg. Val Loss: 0.0787, Avg. Val Accuracy: 98.59%
End of Epoch 259: Avg. Train Loss: 0.0026, Avg. Train Accuracy: 99.92%
End of Epoch 259: Avg. Val Loss: 0.0849, Avg. Val Accuracy: 98.50%
End of Epoch 260: Avg. Train Loss: 0.0026, Avg. Train Accuracy: 99.92%
End of Epoch 260: Avg. Val Loss: 0.0932, Avg. Val Accuracy: 98.38%
End of Epoch 261: Avg. Train Loss: 0.0031, Avg. Train Accuracy: 99.91%
End of Epoch 261: Avg. Val Loss: 0.0828, Avg. Val Accuracy: 98.27%
End of Epoch 262: Avg. Train Loss: 0.0031, Avg. Train Accuracy: 99.91%
End of Epoch 262: Avg. Val Loss: 0.0792, Avg. Val Accuracy: 98.45%
End of Epoch 263: Avg. Train Loss: 0.0026, Avg. Train Accuracy: 99.92%
End of Epoch 263: Avg. Val Loss: 0.0812, Avg. Val Accuracy: 98.57%
End of Epoch 264: Avg. Train Loss: 0.0022, Avg. Train Accuracy: 99.93%
End of Epoch 264: Avg. Val Loss: 0.0701, Avg. Val Accuracy: 98.39%
End of Epoch 265: Avg. Train Loss: 0.0023, Avg. Train Accuracy: 99.93%
End of Epoch 265: Avg. Val Loss: 0.0967, Avg. Val Accuracy: 98.50%
End of Epoch 266: Avg. Train Loss: 0.0039, Avg. Train Accuracy: 99.90%
End of Epoch 266: Avg. Val Loss: 0.0873, Avg. Val Accuracy: 98.53%
End of Epoch 267: Avg. Train Loss: 0.0032, Avg. Train Accuracy: 99.90%
End of Epoch 267: Avg. Val Loss: 0.0852, Avg. Val Accuracy: 98.55%
End of Epoch 268: Avg. Train Loss: 0.0025, Avg. Train Accuracy: 99.92%
End of Epoch 268: Avg. Val Loss: 0.0852, Avg. Val Accuracy: 98.47%
End of Epoch 269: Avg. Train Loss: 0.0025, Avg. Train Accuracy: 99.92%
End of Epoch 269: Avg. Val Loss: 0.0898, Avg. Val Accuracy: 98.42%
End of Epoch 270: Avg. Train Loss: 0.0026, Avg. Train Accuracy: 99.92%
End of Epoch 270: Avg. Val Loss: 0.0897, Avg. Val Accuracy: 98.47%
End of Epoch 271: Avg. Train Loss: 0.0028, Avg. Train Accuracy: 99.91%
End of Epoch 271: Avg. Val Loss: 0.0936, Avg. Val Accuracy: 98.39%
End of Epoch 272: Avg. Train Loss: 0.0025, Avg. Train Accuracy: 99.92%
End of Epoch 272: Avg. Val Loss: 0.1020, Avg. Val Accuracy: 98.24%
End of Epoch 273: Avg. Train Loss: 0.0035, Avg. Train Accuracy: 99.90%
End of Epoch 273: Avg. Val Loss: 0.0967, Avg. Val Accuracy: 98.42%
End of Epoch 274: Avg. Train Loss: 0.0031, Avg. Train Accuracy: 99.91%
End of Epoch 274: Avg. Val Loss: 0.0849, Avg. Val Accuracy: 98.50%
End of Epoch 275: Avg. Train Loss: 0.0034, Avg. Train Accuracy: 99.91%
End of Epoch 275: Avg. Val Loss: 0.0948, Avg. Val Accuracy: 98.51%
End of Epoch 276: Avg. Train Loss: 0.0030, Avg. Train Accuracy: 99.91%
End of Epoch 276: Avg. Val Loss: 0.0927, Avg. Val Accuracy: 98.34%
End of Epoch 277: Avg. Train Loss: 0.0025, Avg. Train Accuracy: 99.92%
End of Epoch 277: Avg. Val Loss: 0.0862, Avg. Val Accuracy: 98.53%
End of Epoch 278: Avg. Train Loss: 0.0023, Avg. Train Accuracy: 99.93%
End of Epoch 278: Avg. Val Loss: 0.0817, Avg. Val Accuracy: 98.73%
New best model found at epoch 278 with Val Loss: 0.0817 and Val Accuracy: 98.73%
End of Epoch 279: Avg. Train Loss: 0.0023, Avg. Train Accuracy: 99.93%
End of Epoch 279: Avg. Val Loss: 0.0884, Avg. Val Accuracy: 98.62%
End of Epoch 280: Avg. Train Loss: 0.0027, Avg. Train Accuracy: 99.91%
End of Epoch 280: Avg. Val Loss: 0.0948, Avg. Val Accuracy: 98.46%
End of Epoch 281: Avg. Train Loss: 0.0026, Avg. Train Accuracy: 99.92%
End of Epoch 281: Avg. Val Loss: 0.0998, Avg. Val Accuracy: 98.42%
End of Epoch 282: Avg. Train Loss: 0.0028, Avg. Train Accuracy: 99.92%
End of Epoch 282: Avg. Val Loss: 0.0883, Avg. Val Accuracy: 98.38%
End of Epoch 283: Avg. Train Loss: 0.0033, Avg. Train Accuracy: 99.91%
End of Epoch 283: Avg. Val Loss: 0.1015, Avg. Val Accuracy: 98.42%
End of Epoch 284: Avg. Train Loss: 0.0029, Avg. Train Accuracy: 99.91%
End of Epoch 284: Avg. Val Loss: 0.0879, Avg. Val Accuracy: 98.50%
End of Epoch 285: Avg. Train Loss: 0.0026, Avg. Train Accuracy: 99.92%
End of Epoch 285: Avg. Val Loss: 0.0918, Avg. Val Accuracy: 98.47%
End of Epoch 286: Avg. Train Loss: 0.0028, Avg. Train Accuracy: 99.92%
End of Epoch 286: Avg. Val Loss: 0.0925, Avg. Val Accuracy: 98.31%
End of Epoch 287: Avg. Train Loss: 0.0023, Avg. Train Accuracy: 99.93%
End of Epoch 287: Avg. Val Loss: 0.0963, Avg. Val Accuracy: 98.43%
End of Epoch 288: Avg. Train Loss: 0.0023, Avg. Train Accuracy: 99.93%
End of Epoch 288: Avg. Val Loss: 0.0941, Avg. Val Accuracy: 98.54%
End of Epoch 289: Avg. Train Loss: 0.0023, Avg. Train Accuracy: 99.93%
End of Epoch 289: Avg. Val Loss: 0.0832, Avg. Val Accuracy: 98.45%
End of Epoch 290: Avg. Train Loss: 0.0040, Avg. Train Accuracy: 99.89%
End of Epoch 290: Avg. Val Loss: 0.0943, Avg. Val Accuracy: 98.39%
End of Epoch 291: Avg. Train Loss: 0.0031, Avg. Train Accuracy: 99.91%
End of Epoch 291: Avg. Val Loss: 0.0806, Avg. Val Accuracy: 98.50%
End of Epoch 292: Avg. Train Loss: 0.0026, Avg. Train Accuracy: 99.92%
End of Epoch 292: Avg. Val Loss: 0.0833, Avg. Val Accuracy: 98.49%
End of Epoch 293: Avg. Train Loss: 0.0024, Avg. Train Accuracy: 99.92%
End of Epoch 293: Avg. Val Loss: 0.0898, Avg. Val Accuracy: 98.47%
End of Epoch 294: Avg. Train Loss: 0.0025, Avg. Train Accuracy: 99.92%
End of Epoch 294: Avg. Val Loss: 0.0860, Avg. Val Accuracy: 98.41%
End of Epoch 295: Avg. Train Loss: 0.0022, Avg. Train Accuracy: 99.93%
End of Epoch 295: Avg. Val Loss: 0.0883, Avg. Val Accuracy: 98.42%
End of Epoch 296: Avg. Train Loss: 0.0025, Avg. Train Accuracy: 99.93%
End of Epoch 296: Avg. Val Loss: 0.1019, Avg. Val Accuracy: 98.30%
End of Epoch 297: Avg. Train Loss: 0.0030, Avg. Train Accuracy: 99.91%
End of Epoch 297: Avg. Val Loss: 0.1009, Avg. Val Accuracy: 98.41%
End of Epoch 298: Avg. Train Loss: 0.0025, Avg. Train Accuracy: 99.92%
End of Epoch 298: Avg. Val Loss: 0.1042, Avg. Val Accuracy: 98.47%
End of Epoch 299: Avg. Train Loss: 0.0023, Avg. Train Accuracy: 99.93%
End of Epoch 299: Avg. Val Loss: 0.0907, Avg. Val Accuracy: 98.46%
End of Epoch 300: Avg. Train Loss: 0.0022, Avg. Train Accuracy: 99.93%
End of Epoch 300: Avg. Val Loss: 0.1083, Avg. Val Accuracy: 98.36%
End of Epoch 301: Avg. Train Loss: 0.0024, Avg. Train Accuracy: 99.93%
End of Epoch 301: Avg. Val Loss: 0.1099, Avg. Val Accuracy: 98.20%
End of Epoch 302: Avg. Train Loss: 0.0035, Avg. Train Accuracy: 99.90%
End of Epoch 302: Avg. Val Loss: 0.0924, Avg. Val Accuracy: 98.39%
End of Epoch 303: Avg. Train Loss: 0.0023, Avg. Train Accuracy: 99.93%
End of Epoch 303: Avg. Val Loss: 0.1012, Avg. Val Accuracy: 98.41%
End of Epoch 304: Avg. Train Loss: 0.0024, Avg. Train Accuracy: 99.93%
End of Epoch 304: Avg. Val Loss: 0.0839, Avg. Val Accuracy: 98.58%
End of Epoch 305: Avg. Train Loss: 0.0034, Avg. Train Accuracy: 99.91%
End of Epoch 305: Avg. Val Loss: 0.0945, Avg. Val Accuracy: 98.34%
End of Epoch 306: Avg. Train Loss: 0.0027, Avg. Train Accuracy: 99.92%
End of Epoch 306: Avg. Val Loss: 0.0965, Avg. Val Accuracy: 98.49%
End of Epoch 307: Avg. Train Loss: 0.0023, Avg. Train Accuracy: 99.93%
End of Epoch 307: Avg. Val Loss: 0.0936, Avg. Val Accuracy: 98.70%
End of Epoch 308: Avg. Train Loss: 0.0025, Avg. Train Accuracy: 99.92%
End of Epoch 308: Avg. Val Loss: 0.0856, Avg. Val Accuracy: 98.64%
End of Epoch 309: Avg. Train Loss: 0.0024, Avg. Train Accuracy: 99.93%
End of Epoch 309: Avg. Val Loss: 0.0865, Avg. Val Accuracy: 98.53%
End of Epoch 310: Avg. Train Loss: 0.0023, Avg. Train Accuracy: 99.93%
End of Epoch 310: Avg. Val Loss: 0.0886, Avg. Val Accuracy: 98.55%
End of Epoch 311: Avg. Train Loss: 0.0032, Avg. Train Accuracy: 99.91%
End of Epoch 311: Avg. Val Loss: 0.0935, Avg. Val Accuracy: 98.20%
End of Epoch 312: Avg. Train Loss: 0.0029, Avg. Train Accuracy: 99.92%
End of Epoch 312: Avg. Val Loss: 0.1024, Avg. Val Accuracy: 98.42%
End of Epoch 313: Avg. Train Loss: 0.0027, Avg. Train Accuracy: 99.92%
End of Epoch 313: Avg. Val Loss: 0.0964, Avg. Val Accuracy: 98.18%
End of Epoch 314: Avg. Train Loss: 0.0022, Avg. Train Accuracy: 99.93%
End of Epoch 314: Avg. Val Loss: 0.0869, Avg. Val Accuracy: 98.59%
End of Epoch 315: Avg. Train Loss: 0.0022, Avg. Train Accuracy: 99.93%
End of Epoch 315: Avg. Val Loss: 0.1006, Avg. Val Accuracy: 98.50%
End of Epoch 316: Avg. Train Loss: 0.0022, Avg. Train Accuracy: 99.93%
End of Epoch 316: Avg. Val Loss: 0.1124, Avg. Val Accuracy: 98.19%
End of Epoch 317: Avg. Train Loss: 0.0028, Avg. Train Accuracy: 99.92%
End of Epoch 317: Avg. Val Loss: 0.0984, Avg. Val Accuracy: 98.22%
End of Epoch 318: Avg. Train Loss: 0.0027, Avg. Train Accuracy: 99.92%
End of Epoch 318: Avg. Val Loss: 0.0795, Avg. Val Accuracy: 98.55%
End of Epoch 319: Avg. Train Loss: 0.0038, Avg. Train Accuracy: 99.90%
End of Epoch 319: Avg. Val Loss: 0.0876, Avg. Val Accuracy: 98.41%
End of Epoch 320: Avg. Train Loss: 0.0024, Avg. Train Accuracy: 99.92%
End of Epoch 320: Avg. Val Loss: 0.0885, Avg. Val Accuracy: 98.55%
End of Epoch 321: Avg. Train Loss: 0.0022, Avg. Train Accuracy: 99.93%
End of Epoch 321: Avg. Val Loss: 0.1039, Avg. Val Accuracy: 98.47%
End of Epoch 322: Avg. Train Loss: 0.0019, Avg. Train Accuracy: 99.94%
End of Epoch 322: Avg. Val Loss: 0.1033, Avg. Val Accuracy: 98.55%
End of Epoch 323: Avg. Train Loss: 0.0020, Avg. Train Accuracy: 99.94%
End of Epoch 323: Avg. Val Loss: 0.0909, Avg. Val Accuracy: 98.43%
End of Epoch 324: Avg. Train Loss: 0.0028, Avg. Train Accuracy: 99.92%
End of Epoch 324: Avg. Val Loss: 0.0897, Avg. Val Accuracy: 98.49%
End of Epoch 325: Avg. Train Loss: 0.0031, Avg. Train Accuracy: 99.91%
End of Epoch 325: Avg. Val Loss: 0.1043, Avg. Val Accuracy: 98.26%
End of Epoch 326: Avg. Train Loss: 0.0040, Avg. Train Accuracy: 99.90%
End of Epoch 326: Avg. Val Loss: 0.0950, Avg. Val Accuracy: 98.28%
End of Epoch 327: Avg. Train Loss: 0.0027, Avg. Train Accuracy: 99.92%
End of Epoch 327: Avg. Val Loss: 0.0936, Avg. Val Accuracy: 98.45%
End of Epoch 328: Avg. Train Loss: 0.0020, Avg. Train Accuracy: 99.94%
End of Epoch 328: Avg. Val Loss: 0.0880, Avg. Val Accuracy: 98.30%
End of Epoch 329: Avg. Train Loss: 0.0021, Avg. Train Accuracy: 99.93%
End of Epoch 329: Avg. Val Loss: 0.0877, Avg. Val Accuracy: 98.53%
End of Epoch 330: Avg. Train Loss: 0.0023, Avg. Train Accuracy: 99.93%
End of Epoch 330: Avg. Val Loss: 0.0990, Avg. Val Accuracy: 98.38%
End of Epoch 331: Avg. Train Loss: 0.0022, Avg. Train Accuracy: 99.93%
End of Epoch 331: Avg. Val Loss: 0.1016, Avg. Val Accuracy: 98.34%
End of Epoch 332: Avg. Train Loss: 0.0021, Avg. Train Accuracy: 99.94%
End of Epoch 332: Avg. Val Loss: 0.0887, Avg. Val Accuracy: 98.54%
End of Epoch 333: Avg. Train Loss: 0.0024, Avg. Train Accuracy: 99.93%
End of Epoch 333: Avg. Val Loss: 0.0830, Avg. Val Accuracy: 98.51%
End of Epoch 334: Avg. Train Loss: 0.0028, Avg. Train Accuracy: 99.92%
End of Epoch 334: Avg. Val Loss: 0.0989, Avg. Val Accuracy: 98.47%
End of Epoch 335: Avg. Train Loss: 0.0033, Avg. Train Accuracy: 99.91%
End of Epoch 335: Avg. Val Loss: 0.0847, Avg. Val Accuracy: 98.30%
End of Epoch 336: Avg. Train Loss: 0.0024, Avg. Train Accuracy: 99.92%
End of Epoch 336: Avg. Val Loss: 0.0908, Avg. Val Accuracy: 98.58%
End of Epoch 337: Avg. Train Loss: 0.0024, Avg. Train Accuracy: 99.93%
End of Epoch 337: Avg. Val Loss: 0.0819, Avg. Val Accuracy: 98.65%
End of Epoch 338: Avg. Train Loss: 0.0020, Avg. Train Accuracy: 99.94%
End of Epoch 338: Avg. Val Loss: 0.0902, Avg. Val Accuracy: 98.50%
End of Epoch 339: Avg. Train Loss: 0.0022, Avg. Train Accuracy: 99.93%
End of Epoch 339: Avg. Val Loss: 0.0968, Avg. Val Accuracy: 98.41%
End of Epoch 340: Avg. Train Loss: 0.0025, Avg. Train Accuracy: 99.92%
End of Epoch 340: Avg. Val Loss: 0.0971, Avg. Val Accuracy: 98.38%
End of Epoch 341: Avg. Train Loss: 0.0028, Avg. Train Accuracy: 99.92%
End of Epoch 341: Avg. Val Loss: 0.0874, Avg. Val Accuracy: 98.58%
End of Epoch 342: Avg. Train Loss: 0.0020, Avg. Train Accuracy: 99.94%
End of Epoch 342: Avg. Val Loss: 0.0891, Avg. Val Accuracy: 98.64%
End of Epoch 343: Avg. Train Loss: 0.0019, Avg. Train Accuracy: 99.94%
End of Epoch 343: Avg. Val Loss: 0.0869, Avg. Val Accuracy: 98.77%
New best model found at epoch 343 with Val Loss: 0.0869 and Val Accuracy: 98.77%
End of Epoch 344: Avg. Train Loss: 0.0019, Avg. Train Accuracy: 99.94%
End of Epoch 344: Avg. Val Loss: 0.0906, Avg. Val Accuracy: 98.43%
End of Epoch 345: Avg. Train Loss: 0.0040, Avg. Train Accuracy: 99.90%
End of Epoch 345: Avg. Val Loss: 0.1014, Avg. Val Accuracy: 98.47%
End of Epoch 346: Avg. Train Loss: 0.0026, Avg. Train Accuracy: 99.92%
End of Epoch 346: Avg. Val Loss: 0.0922, Avg. Val Accuracy: 98.43%
End of Epoch 347: Avg. Train Loss: 0.0022, Avg. Train Accuracy: 99.93%
End of Epoch 347: Avg. Val Loss: 0.0873, Avg. Val Accuracy: 98.64%
End of Epoch 348: Avg. Train Loss: 0.0020, Avg. Train Accuracy: 99.94%
End of Epoch 348: Avg. Val Loss: 0.0971, Avg. Val Accuracy: 98.46%
End of Epoch 349: Avg. Train Loss: 0.0020, Avg. Train Accuracy: 99.93%
End of Epoch 349: Avg. Val Loss: 0.0998, Avg. Val Accuracy: 98.45%
End of Epoch 350: Avg. Train Loss: 0.0022, Avg. Train Accuracy: 99.93%
End of Epoch 350: Avg. Val Loss: 0.1064, Avg. Val Accuracy: 98.45%
End of Epoch 351: Avg. Train Loss: 0.0026, Avg. Train Accuracy: 99.92%
End of Epoch 351: Avg. Val Loss: 0.0939, Avg. Val Accuracy: 98.47%
End of Epoch 352: Avg. Train Loss: 0.0029, Avg. Train Accuracy: 99.92%
End of Epoch 352: Avg. Val Loss: 0.0863, Avg. Val Accuracy: 98.47%
End of Epoch 353: Avg. Train Loss: 0.0022, Avg. Train Accuracy: 99.93%
End of Epoch 353: Avg. Val Loss: 0.1055, Avg. Val Accuracy: 98.39%
End of Epoch 354: Avg. Train Loss: 0.0020, Avg. Train Accuracy: 99.93%
End of Epoch 354: Avg. Val Loss: 0.0875, Avg. Val Accuracy: 98.58%
End of Epoch 355: Avg. Train Loss: 0.0016, Avg. Train Accuracy: 99.95%
End of Epoch 355: Avg. Val Loss: 0.0977, Avg. Val Accuracy: 98.49%
End of Epoch 356: Avg. Train Loss: 0.0020, Avg. Train Accuracy: 99.94%
End of Epoch 356: Avg. Val Loss: 0.0973, Avg. Val Accuracy: 98.51%
End of Epoch 357: Avg. Train Loss: 0.0023, Avg. Train Accuracy: 99.93%
End of Epoch 357: Avg. Val Loss: 0.1064, Avg. Val Accuracy: 98.30%
End of Epoch 358: Avg. Train Loss: 0.0027, Avg. Train Accuracy: 99.92%
End of Epoch 358: Avg. Val Loss: 0.0998, Avg. Val Accuracy: 98.46%
End of Epoch 359: Avg. Train Loss: 0.0031, Avg. Train Accuracy: 99.91%
End of Epoch 359: Avg. Val Loss: 0.0911, Avg. Val Accuracy: 98.46%
End of Epoch 360: Avg. Train Loss: 0.0022, Avg. Train Accuracy: 99.93%
End of Epoch 360: Avg. Val Loss: 0.0944, Avg. Val Accuracy: 98.42%
End of Epoch 361: Avg. Train Loss: 0.0020, Avg. Train Accuracy: 99.94%
End of Epoch 361: Avg. Val Loss: 0.1113, Avg. Val Accuracy: 98.39%
End of Epoch 362: Avg. Train Loss: 0.0020, Avg. Train Accuracy: 99.94%
End of Epoch 362: Avg. Val Loss: 0.1011, Avg. Val Accuracy: 98.59%
End of Epoch 363: Avg. Train Loss: 0.0017, Avg. Train Accuracy: 99.94%
End of Epoch 363: Avg. Val Loss: 0.1026, Avg. Val Accuracy: 98.49%
End of Epoch 364: Avg. Train Loss: 0.0025, Avg. Train Accuracy: 99.93%
End of Epoch 364: Avg. Val Loss: 0.1104, Avg. Val Accuracy: 98.34%
End of Epoch 365: Avg. Train Loss: 0.0023, Avg. Train Accuracy: 99.93%
End of Epoch 365: Avg. Val Loss: 0.1090, Avg. Val Accuracy: 98.34%
End of Epoch 366: Avg. Train Loss: 0.0025, Avg. Train Accuracy: 99.93%
End of Epoch 366: Avg. Val Loss: 0.0951, Avg. Val Accuracy: 98.54%
End of Epoch 367: Avg. Train Loss: 0.0021, Avg. Train Accuracy: 99.93%
End of Epoch 367: Avg. Val Loss: 0.1009, Avg. Val Accuracy: 98.32%
End of Epoch 368: Avg. Train Loss: 0.0022, Avg. Train Accuracy: 99.93%
End of Epoch 368: Avg. Val Loss: 0.1214, Avg. Val Accuracy: 98.32%
End of Epoch 369: Avg. Train Loss: 0.0032, Avg. Train Accuracy: 99.91%
End of Epoch 369: Avg. Val Loss: 0.1000, Avg. Val Accuracy: 98.20%
End of Epoch 370: Avg. Train Loss: 0.0032, Avg. Train Accuracy: 99.91%
End of Epoch 370: Avg. Val Loss: 0.0877, Avg. Val Accuracy: 98.43%
End of Epoch 371: Avg. Train Loss: 0.0022, Avg. Train Accuracy: 99.93%
End of Epoch 371: Avg. Val Loss: 0.0778, Avg. Val Accuracy: 98.66%
End of Epoch 372: Avg. Train Loss: 0.0018, Avg. Train Accuracy: 99.94%
End of Epoch 372: Avg. Val Loss: 0.0896, Avg. Val Accuracy: 98.68%
End of Epoch 373: Avg. Train Loss: 0.0017, Avg. Train Accuracy: 99.95%
End of Epoch 373: Avg. Val Loss: 0.0939, Avg. Val Accuracy: 98.57%
End of Epoch 374: Avg. Train Loss: 0.0021, Avg. Train Accuracy: 99.93%
End of Epoch 374: Avg. Val Loss: 0.1159, Avg. Val Accuracy: 98.41%
End of Epoch 375: Avg. Train Loss: 0.0021, Avg. Train Accuracy: 99.93%
End of Epoch 375: Avg. Val Loss: 0.0948, Avg. Val Accuracy: 98.55%
End of Epoch 376: Avg. Train Loss: 0.0022, Avg. Train Accuracy: 99.94%
End of Epoch 376: Avg. Val Loss: 0.0936, Avg. Val Accuracy: 98.36%
End of Epoch 377: Avg. Train Loss: 0.0020, Avg. Train Accuracy: 99.94%
End of Epoch 377: Avg. Val Loss: 0.1002, Avg. Val Accuracy: 98.54%
End of Epoch 378: Avg. Train Loss: 0.0020, Avg. Train Accuracy: 99.94%
End of Epoch 378: Avg. Val Loss: 0.0906, Avg. Val Accuracy: 98.47%
End of Epoch 379: Avg. Train Loss: 0.0024, Avg. Train Accuracy: 99.93%
End of Epoch 379: Avg. Val Loss: 0.1041, Avg. Val Accuracy: 98.41%
End of Epoch 380: Avg. Train Loss: 0.0030, Avg. Train Accuracy: 99.92%
End of Epoch 380: Avg. Val Loss: 0.1105, Avg. Val Accuracy: 98.41%
End of Epoch 381: Avg. Train Loss: 0.0020, Avg. Train Accuracy: 99.94%
End of Epoch 381: Avg. Val Loss: 0.1005, Avg. Val Accuracy: 98.39%
End of Epoch 382: Avg. Train Loss: 0.0019, Avg. Train Accuracy: 99.94%
End of Epoch 382: Avg. Val Loss: 0.1087, Avg. Val Accuracy: 98.43%
End of Epoch 383: Avg. Train Loss: 0.0017, Avg. Train Accuracy: 99.94%
End of Epoch 383: Avg. Val Loss: 0.1008, Avg. Val Accuracy: 98.55%
End of Epoch 384: Avg. Train Loss: 0.0020, Avg. Train Accuracy: 99.94%
End of Epoch 384: Avg. Val Loss: 0.1078, Avg. Val Accuracy: 98.53%
End of Epoch 385: Avg. Train Loss: 0.0027, Avg. Train Accuracy: 99.92%
End of Epoch 385: Avg. Val Loss: 0.0952, Avg. Val Accuracy: 98.51%
End of Epoch 386: Avg. Train Loss: 0.0021, Avg. Train Accuracy: 99.93%
End of Epoch 386: Avg. Val Loss: 0.1031, Avg. Val Accuracy: 98.34%
End of Epoch 387: Avg. Train Loss: 0.0026, Avg. Train Accuracy: 99.92%
End of Epoch 387: Avg. Val Loss: 0.1164, Avg. Val Accuracy: 98.18%
End of Epoch 388: Avg. Train Loss: 0.0023, Avg. Train Accuracy: 99.93%
End of Epoch 388: Avg. Val Loss: 0.1086, Avg. Val Accuracy: 98.61%
End of Epoch 389: Avg. Train Loss: 0.0017, Avg. Train Accuracy: 99.94%
End of Epoch 389: Avg. Val Loss: 0.1217, Avg. Val Accuracy: 98.39%
End of Epoch 390: Avg. Train Loss: 0.0021, Avg. Train Accuracy: 99.94%
End of Epoch 390: Avg. Val Loss: 0.1067, Avg. Val Accuracy: 98.42%
End of Epoch 391: Avg. Train Loss: 0.0018, Avg. Train Accuracy: 99.94%
End of Epoch 391: Avg. Val Loss: 0.1034, Avg. Val Accuracy: 98.55%
End of Epoch 392: Avg. Train Loss: 0.0027, Avg. Train Accuracy: 99.92%
End of Epoch 392: Avg. Val Loss: 0.1230, Avg. Val Accuracy: 97.84%
End of Epoch 393: Avg. Train Loss: 0.0032, Avg. Train Accuracy: 99.91%
End of Epoch 393: Avg. Val Loss: 0.1161, Avg. Val Accuracy: 98.34%
End of Epoch 394: Avg. Train Loss: 0.0024, Avg. Train Accuracy: 99.93%
End of Epoch 394: Avg. Val Loss: 0.1068, Avg. Val Accuracy: 98.46%
End of Epoch 395: Avg. Train Loss: 0.0019, Avg. Train Accuracy: 99.94%
End of Epoch 395: Avg. Val Loss: 0.1028, Avg. Val Accuracy: 98.51%
End of Epoch 396: Avg. Train Loss: 0.0017, Avg. Train Accuracy: 99.95%
End of Epoch 396: Avg. Val Loss: 0.0962, Avg. Val Accuracy: 98.49%
End of Epoch 397: Avg. Train Loss: 0.0023, Avg. Train Accuracy: 99.93%
End of Epoch 397: Avg. Val Loss: 0.0909, Avg. Val Accuracy: 98.62%
End of Epoch 398: Avg. Train Loss: 0.0024, Avg. Train Accuracy: 99.93%
End of Epoch 398: Avg. Val Loss: 0.0992, Avg. Val Accuracy: 98.51%
End of Epoch 399: Avg. Train Loss: 0.0021, Avg. Train Accuracy: 99.94%
End of Epoch 399: Avg. Val Loss: 0.0960, Avg. Val Accuracy: 98.55%
End of Epoch 400: Avg. Train Loss: 0.0021, Avg. Train Accuracy: 99.93%
End of Epoch 400: Avg. Val Loss: 0.1030, Avg. Val Accuracy: 98.39%
End of Epoch 401: Avg. Train Loss: 0.0016, Avg. Train Accuracy: 99.95%
End of Epoch 401: Avg. Val Loss: 0.1007, Avg. Val Accuracy: 98.46%
End of Epoch 402: Avg. Train Loss: 0.0024, Avg. Train Accuracy: 99.93%
End of Epoch 402: Avg. Val Loss: 0.1035, Avg. Val Accuracy: 98.24%
End of Epoch 403: Avg. Train Loss: 0.0024, Avg. Train Accuracy: 99.92%
End of Epoch 403: Avg. Val Loss: 0.1052, Avg. Val Accuracy: 98.59%
End of Epoch 404: Avg. Train Loss: 0.0021, Avg. Train Accuracy: 99.93%
End of Epoch 404: Avg. Val Loss: 0.1007, Avg. Val Accuracy: 98.49%
End of Epoch 405: Avg. Train Loss: 0.0018, Avg. Train Accuracy: 99.94%
End of Epoch 405: Avg. Val Loss: 0.1206, Avg. Val Accuracy: 98.46%
End of Epoch 406: Avg. Train Loss: 0.0024, Avg. Train Accuracy: 99.93%
End of Epoch 406: Avg. Val Loss: 0.1010, Avg. Val Accuracy: 98.32%
End of Epoch 407: Avg. Train Loss: 0.0020, Avg. Train Accuracy: 99.94%
End of Epoch 407: Avg. Val Loss: 0.1436, Avg. Val Accuracy: 98.31%
End of Epoch 408: Avg. Train Loss: 0.0026, Avg. Train Accuracy: 99.92%
End of Epoch 408: Avg. Val Loss: 0.1042, Avg. Val Accuracy: 98.45%
End of Epoch 409: Avg. Train Loss: 0.0020, Avg. Train Accuracy: 99.94%
End of Epoch 409: Avg. Val Loss: 0.1072, Avg. Val Accuracy: 98.57%
End of Epoch 410: Avg. Train Loss: 0.0015, Avg. Train Accuracy: 99.95%
End of Epoch 410: Avg. Val Loss: 0.1044, Avg. Val Accuracy: 98.68%
End of Epoch 411: Avg. Train Loss: 0.0016, Avg. Train Accuracy: 99.95%
End of Epoch 411: Avg. Val Loss: 0.1071, Avg. Val Accuracy: 98.45%
End of Epoch 412: Avg. Train Loss: 0.0019, Avg. Train Accuracy: 99.94%
End of Epoch 412: Avg. Val Loss: 0.1162, Avg. Val Accuracy: 98.50%
End of Epoch 413: Avg. Train Loss: 0.0022, Avg. Train Accuracy: 99.93%
End of Epoch 413: Avg. Val Loss: 0.1203, Avg. Val Accuracy: 98.36%
End of Epoch 414: Avg. Train Loss: 0.0026, Avg. Train Accuracy: 99.93%
End of Epoch 414: Avg. Val Loss: 0.1092, Avg. Val Accuracy: 98.38%
End of Epoch 415: Avg. Train Loss: 0.0026, Avg. Train Accuracy: 99.93%
End of Epoch 415: Avg. Val Loss: 0.1144, Avg. Val Accuracy: 98.36%
End of Epoch 416: Avg. Train Loss: 0.0018, Avg. Train Accuracy: 99.94%
End of Epoch 416: Avg. Val Loss: 0.1166, Avg. Val Accuracy: 98.57%
End of Epoch 417: Avg. Train Loss: 0.0023, Avg. Train Accuracy: 99.93%
End of Epoch 417: Avg. Val Loss: 0.1089, Avg. Val Accuracy: 98.39%
End of Epoch 418: Avg. Train Loss: 0.0023, Avg. Train Accuracy: 99.93%
End of Epoch 418: Avg. Val Loss: 0.1008, Avg. Val Accuracy: 98.50%
End of Epoch 419: Avg. Train Loss: 0.0022, Avg. Train Accuracy: 99.93%
End of Epoch 419: Avg. Val Loss: 0.0940, Avg. Val Accuracy: 98.58%
End of Epoch 420: Avg. Train Loss: 0.0016, Avg. Train Accuracy: 99.94%
End of Epoch 420: Avg. Val Loss: 0.1064, Avg. Val Accuracy: 98.54%
End of Epoch 421: Avg. Train Loss: 0.0015, Avg. Train Accuracy: 99.95%
End of Epoch 421: Avg. Val Loss: 0.1107, Avg. Val Accuracy: 98.49%
End of Epoch 422: Avg. Train Loss: 0.0023, Avg. Train Accuracy: 99.93%
End of Epoch 422: Avg. Val Loss: 0.1138, Avg. Val Accuracy: 98.46%
End of Epoch 423: Avg. Train Loss: 0.0021, Avg. Train Accuracy: 99.94%
End of Epoch 423: Avg. Val Loss: 0.1077, Avg. Val Accuracy: 98.55%
End of Epoch 424: Avg. Train Loss: 0.0019, Avg. Train Accuracy: 99.94%
End of Epoch 424: Avg. Val Loss: 0.0895, Avg. Val Accuracy: 98.47%
End of Epoch 425: Avg. Train Loss: 0.0020, Avg. Train Accuracy: 99.94%
End of Epoch 425: Avg. Val Loss: 0.1019, Avg. Val Accuracy: 98.59%
End of Epoch 426: Avg. Train Loss: 0.0019, Avg. Train Accuracy: 99.94%
End of Epoch 426: Avg. Val Loss: 0.1179, Avg. Val Accuracy: 98.30%
End of Epoch 427: Avg. Train Loss: 0.0020, Avg. Train Accuracy: 99.94%
End of Epoch 427: Avg. Val Loss: 0.1103, Avg. Val Accuracy: 98.31%
End of Epoch 428: Avg. Train Loss: 0.0019, Avg. Train Accuracy: 99.94%
End of Epoch 428: Avg. Val Loss: 0.1144, Avg. Val Accuracy: 98.58%
End of Epoch 429: Avg. Train Loss: 0.0037, Avg. Train Accuracy: 99.91%
End of Epoch 429: Avg. Val Loss: 0.1038, Avg. Val Accuracy: 98.35%
End of Epoch 430: Avg. Train Loss: 0.0023, Avg. Train Accuracy: 99.93%
End of Epoch 430: Avg. Val Loss: 0.1083, Avg. Val Accuracy: 98.55%
End of Epoch 431: Avg. Train Loss: 0.0018, Avg. Train Accuracy: 99.95%
End of Epoch 431: Avg. Val Loss: 0.0967, Avg. Val Accuracy: 98.55%
End of Epoch 432: Avg. Train Loss: 0.0015, Avg. Train Accuracy: 99.95%
End of Epoch 432: Avg. Val Loss: 0.0914, Avg. Val Accuracy: 98.58%
End of Epoch 433: Avg. Train Loss: 0.0017, Avg. Train Accuracy: 99.95%
End of Epoch 433: Avg. Val Loss: 0.1031, Avg. Val Accuracy: 98.53%
End of Epoch 434: Avg. Train Loss: 0.0020, Avg. Train Accuracy: 99.93%
End of Epoch 434: Avg. Val Loss: 0.1046, Avg. Val Accuracy: 98.55%
End of Epoch 435: Avg. Train Loss: 0.0022, Avg. Train Accuracy: 99.94%
End of Epoch 435: Avg. Val Loss: 0.1143, Avg. Val Accuracy: 98.59%
End of Epoch 436: Avg. Train Loss: 0.0023, Avg. Train Accuracy: 99.93%
End of Epoch 436: Avg. Val Loss: 0.1097, Avg. Val Accuracy: 98.58%
End of Epoch 437: Avg. Train Loss: 0.0015, Avg. Train Accuracy: 99.95%
End of Epoch 437: Avg. Val Loss: 0.1114, Avg. Val Accuracy: 98.49%
End of Epoch 438: Avg. Train Loss: 0.0021, Avg. Train Accuracy: 99.93%
End of Epoch 438: Avg. Val Loss: 0.0952, Avg. Val Accuracy: 98.53%
End of Epoch 439: Avg. Train Loss: 0.0020, Avg. Train Accuracy: 99.94%
End of Epoch 439: Avg. Val Loss: 0.1100, Avg. Val Accuracy: 98.47%
End of Epoch 440: Avg. Train Loss: 0.0017, Avg. Train Accuracy: 99.94%
End of Epoch 440: Avg. Val Loss: 0.0996, Avg. Val Accuracy: 98.38%
End of Epoch 441: Avg. Train Loss: 0.0019, Avg. Train Accuracy: 99.94%
End of Epoch 441: Avg. Val Loss: 0.1095, Avg. Val Accuracy: 98.55%
End of Epoch 442: Avg. Train Loss: 0.0017, Avg. Train Accuracy: 99.94%
End of Epoch 442: Avg. Val Loss: 0.1093, Avg. Val Accuracy: 98.53%
End of Epoch 443: Avg. Train Loss: 0.0025, Avg. Train Accuracy: 99.93%
End of Epoch 443: Avg. Val Loss: 0.1154, Avg. Val Accuracy: 98.23%
End of Epoch 444: Avg. Train Loss: 0.0026, Avg. Train Accuracy: 99.92%
End of Epoch 444: Avg. Val Loss: 0.0950, Avg. Val Accuracy: 98.32%
End of Epoch 445: Avg. Train Loss: 0.0018, Avg. Train Accuracy: 99.94%
End of Epoch 445: Avg. Val Loss: 0.1130, Avg. Val Accuracy: 98.39%
End of Epoch 446: Avg. Train Loss: 0.0018, Avg. Train Accuracy: 99.94%
End of Epoch 446: Avg. Val Loss: 0.0983, Avg. Val Accuracy: 98.54%
End of Epoch 447: Avg. Train Loss: 0.0021, Avg. Train Accuracy: 99.94%
End of Epoch 447: Avg. Val Loss: 0.1127, Avg. Val Accuracy: 98.36%
End of Epoch 448: Avg. Train Loss: 0.0021, Avg. Train Accuracy: 99.94%
End of Epoch 448: Avg. Val Loss: 0.1085, Avg. Val Accuracy: 98.42%
End of Epoch 449: Avg. Train Loss: 0.0022, Avg. Train Accuracy: 99.93%
End of Epoch 449: Avg. Val Loss: 0.0925, Avg. Val Accuracy: 98.50%
End of Epoch 450: Avg. Train Loss: 0.0016, Avg. Train Accuracy: 99.95%
End of Epoch 450: Avg. Val Loss: 0.1063, Avg. Val Accuracy: 98.43%
End of Epoch 451: Avg. Train Loss: 0.0013, Avg. Train Accuracy: 99.96%
End of Epoch 451: Avg. Val Loss: 0.1032, Avg. Val Accuracy: 98.32%
End of Epoch 452: Avg. Train Loss: 0.0018, Avg. Train Accuracy: 99.95%
End of Epoch 452: Avg. Val Loss: 0.1056, Avg. Val Accuracy: 98.43%
End of Epoch 453: Avg. Train Loss: 0.0021, Avg. Train Accuracy: 99.93%
End of Epoch 453: Avg. Val Loss: 0.1016, Avg. Val Accuracy: 98.34%
End of Epoch 454: Avg. Train Loss: 0.0023, Avg. Train Accuracy: 99.93%
End of Epoch 454: Avg. Val Loss: 0.1051, Avg. Val Accuracy: 98.16%
End of Epoch 455: Avg. Train Loss: 0.0022, Avg. Train Accuracy: 99.93%
End of Epoch 455: Avg. Val Loss: 0.0932, Avg. Val Accuracy: 98.50%
End of Epoch 456: Avg. Train Loss: 0.0021, Avg. Train Accuracy: 99.94%
End of Epoch 456: Avg. Val Loss: 0.0879, Avg. Val Accuracy: 98.46%
End of Epoch 457: Avg. Train Loss: 0.0017, Avg. Train Accuracy: 99.94%
End of Epoch 457: Avg. Val Loss: 0.0988, Avg. Val Accuracy: 98.41%
End of Epoch 458: Avg. Train Loss: 0.0022, Avg. Train Accuracy: 99.94%
End of Epoch 458: Avg. Val Loss: 0.1116, Avg. Val Accuracy: 98.39%
End of Epoch 459: Avg. Train Loss: 0.0023, Avg. Train Accuracy: 99.93%
End of Epoch 459: Avg. Val Loss: 0.0888, Avg. Val Accuracy: 98.45%
End of Epoch 460: Avg. Train Loss: 0.0021, Avg. Train Accuracy: 99.94%
End of Epoch 460: Avg. Val Loss: 0.0921, Avg. Val Accuracy: 98.32%
End of Epoch 461: Avg. Train Loss: 0.0016, Avg. Train Accuracy: 99.95%
End of Epoch 461: Avg. Val Loss: 0.1096, Avg. Val Accuracy: 98.50%
End of Epoch 462: Avg. Train Loss: 0.0016, Avg. Train Accuracy: 99.95%
End of Epoch 462: Avg. Val Loss: 0.1161, Avg. Val Accuracy: 98.11%
End of Epoch 463: Avg. Train Loss: 0.0014, Avg. Train Accuracy: 99.96%
End of Epoch 463: Avg. Val Loss: 0.1262, Avg. Val Accuracy: 98.53%
End of Epoch 464: Avg. Train Loss: 0.0028, Avg. Train Accuracy: 99.93%
End of Epoch 464: Avg. Val Loss: 0.1177, Avg. Val Accuracy: 98.15%
End of Epoch 465: Avg. Train Loss: 0.0026, Avg. Train Accuracy: 99.92%
End of Epoch 465: Avg. Val Loss: 0.1092, Avg. Val Accuracy: 98.45%
End of Epoch 466: Avg. Train Loss: 0.0017, Avg. Train Accuracy: 99.94%
End of Epoch 466: Avg. Val Loss: 0.0984, Avg. Val Accuracy: 98.57%
End of Epoch 467: Avg. Train Loss: 0.0020, Avg. Train Accuracy: 99.94%
End of Epoch 467: Avg. Val Loss: 0.0932, Avg. Val Accuracy: 98.64%
End of Epoch 468: Avg. Train Loss: 0.0016, Avg. Train Accuracy: 99.95%
End of Epoch 468: Avg. Val Loss: 0.1155, Avg. Val Accuracy: 98.38%
End of Epoch 469: Avg. Train Loss: 0.0021, Avg. Train Accuracy: 99.94%
End of Epoch 469: Avg. Val Loss: 0.1126, Avg. Val Accuracy: 98.41%
End of Epoch 470: Avg. Train Loss: 0.0030, Avg. Train Accuracy: 99.91%
End of Epoch 470: Avg. Val Loss: 0.1074, Avg. Val Accuracy: 98.61%
End of Epoch 471: Avg. Train Loss: 0.0019, Avg. Train Accuracy: 99.94%
End of Epoch 471: Avg. Val Loss: 0.1116, Avg. Val Accuracy: 98.53%
End of Epoch 472: Avg. Train Loss: 0.0019, Avg. Train Accuracy: 99.94%
End of Epoch 472: Avg. Val Loss: 0.0965, Avg. Val Accuracy: 98.55%
End of Epoch 473: Avg. Train Loss: 0.0014, Avg. Train Accuracy: 99.96%
End of Epoch 473: Avg. Val Loss: 0.1050, Avg. Val Accuracy: 98.59%
End of Epoch 474: Avg. Train Loss: 0.0011, Avg. Train Accuracy: 99.96%
End of Epoch 474: Avg. Val Loss: 0.1062, Avg. Val Accuracy: 98.54%
End of Epoch 475: Avg. Train Loss: 0.0019, Avg. Train Accuracy: 99.94%
End of Epoch 475: Avg. Val Loss: 0.0932, Avg. Val Accuracy: 98.41%
End of Epoch 476: Avg. Train Loss: 0.0028, Avg. Train Accuracy: 99.92%
End of Epoch 476: Avg. Val Loss: 0.0960, Avg. Val Accuracy: 98.58%
End of Epoch 477: Avg. Train Loss: 0.0018, Avg. Train Accuracy: 99.94%
End of Epoch 477: Avg. Val Loss: 0.1176, Avg. Val Accuracy: 98.35%
End of Epoch 478: Avg. Train Loss: 0.0019, Avg. Train Accuracy: 99.94%
End of Epoch 478: Avg. Val Loss: 0.1166, Avg. Val Accuracy: 98.54%
End of Epoch 479: Avg. Train Loss: 0.0019, Avg. Train Accuracy: 99.94%
End of Epoch 479: Avg. Val Loss: 0.1196, Avg. Val Accuracy: 98.46%
End of Epoch 480: Avg. Train Loss: 0.0017, Avg. Train Accuracy: 99.95%
End of Epoch 480: Avg. Val Loss: 0.1059, Avg. Val Accuracy: 98.39%
End of Epoch 481: Avg. Train Loss: 0.0026, Avg. Train Accuracy: 99.92%
End of Epoch 481: Avg. Val Loss: 0.1043, Avg. Val Accuracy: 98.57%
End of Epoch 482: Avg. Train Loss: 0.0018, Avg. Train Accuracy: 99.94%
End of Epoch 482: Avg. Val Loss: 0.1113, Avg. Val Accuracy: 98.36%
End of Epoch 483: Avg. Train Loss: 0.0017, Avg. Train Accuracy: 99.95%
End of Epoch 483: Avg. Val Loss: 0.1178, Avg. Val Accuracy: 98.53%
End of Epoch 484: Avg. Train Loss: 0.0016, Avg. Train Accuracy: 99.95%
End of Epoch 484: Avg. Val Loss: 0.1122, Avg. Val Accuracy: 98.54%
End of Epoch 485: Avg. Train Loss: 0.0019, Avg. Train Accuracy: 99.94%
End of Epoch 485: Avg. Val Loss: 0.1144, Avg. Val Accuracy: 98.27%
End of Epoch 486: Avg. Train Loss: 0.0024, Avg. Train Accuracy: 99.93%
End of Epoch 486: Avg. Val Loss: 0.1033, Avg. Val Accuracy: 98.53%
End of Epoch 487: Avg. Train Loss: 0.0018, Avg. Train Accuracy: 99.94%
End of Epoch 487: Avg. Val Loss: 0.0978, Avg. Val Accuracy: 98.51%
End of Epoch 488: Avg. Train Loss: 0.0019, Avg. Train Accuracy: 99.94%
End of Epoch 488: Avg. Val Loss: 0.1107, Avg. Val Accuracy: 98.51%
End of Epoch 489: Avg. Train Loss: 0.0018, Avg. Train Accuracy: 99.94%
End of Epoch 489: Avg. Val Loss: 0.1003, Avg. Val Accuracy: 98.35%
End of Epoch 490: Avg. Train Loss: 0.0023, Avg. Train Accuracy: 99.93%
End of Epoch 490: Avg. Val Loss: 0.1029, Avg. Val Accuracy: 98.50%
End of Epoch 491: Avg. Train Loss: 0.0016, Avg. Train Accuracy: 99.95%
End of Epoch 491: Avg. Val Loss: 0.1165, Avg. Val Accuracy: 98.32%
End of Epoch 492: Avg. Train Loss: 0.0014, Avg. Train Accuracy: 99.95%
End of Epoch 492: Avg. Val Loss: 0.0980, Avg. Val Accuracy: 98.62%
End of Epoch 493: Avg. Train Loss: 0.0016, Avg. Train Accuracy: 99.95%
End of Epoch 493: Avg. Val Loss: 0.1095, Avg. Val Accuracy: 98.59%
End of Epoch 494: Avg. Train Loss: 0.0014, Avg. Train Accuracy: 99.95%
End of Epoch 494: Avg. Val Loss: 0.1191, Avg. Val Accuracy: 98.41%
End of Epoch 495: Avg. Train Loss: 0.0024, Avg. Train Accuracy: 99.93%
End of Epoch 495: Avg. Val Loss: 0.1122, Avg. Val Accuracy: 98.49%
End of Epoch 496: Avg. Train Loss: 0.0022, Avg. Train Accuracy: 99.93%
End of Epoch 496: Avg. Val Loss: 0.1020, Avg. Val Accuracy: 98.62%
End of Epoch 497: Avg. Train Loss: 0.0017, Avg. Train Accuracy: 99.95%
End of Epoch 497: Avg. Val Loss: 0.1065, Avg. Val Accuracy: 98.36%
End of Epoch 498: Avg. Train Loss: 0.0016, Avg. Train Accuracy: 99.95%
End of Epoch 498: Avg. Val Loss: 0.1270, Avg. Val Accuracy: 98.46%
End of Epoch 499: Avg. Train Loss: 0.0017, Avg. Train Accuracy: 99.95%
End of Epoch 499: Avg. Val Loss: 0.1226, Avg. Val Accuracy: 98.51%
End of Epoch 500: Avg. Train Loss: 0.0028, Avg. Train Accuracy: 99.92%
End of Epoch 500: Avg. Val Loss: 0.1283, Avg. Val Accuracy: 98.22%
End of Epoch 501: Avg. Train Loss: 0.0018, Avg. Train Accuracy: 99.94%
End of Epoch 501: Avg. Val Loss: 0.1029, Avg. Val Accuracy: 98.53%
End of Epoch 502: Avg. Train Loss: 0.0015, Avg. Train Accuracy: 99.95%
End of Epoch 502: Avg. Val Loss: 0.1178, Avg. Val Accuracy: 98.50%
End of Epoch 503: Avg. Train Loss: 0.0013, Avg. Train Accuracy: 99.96%
End of Epoch 503: Avg. Val Loss: 0.1193, Avg. Val Accuracy: 98.62%
End of Epoch 504: Avg. Train Loss: 0.0016, Avg. Train Accuracy: 99.95%
End of Epoch 504: Avg. Val Loss: 0.1140, Avg. Val Accuracy: 98.43%
End of Epoch 505: Avg. Train Loss: 0.0025, Avg. Train Accuracy: 99.93%
End of Epoch 505: Avg. Val Loss: 0.1023, Avg. Val Accuracy: 98.46%
End of Epoch 506: Avg. Train Loss: 0.0034, Avg. Train Accuracy: 99.91%
End of Epoch 506: Avg. Val Loss: 0.1213, Avg. Val Accuracy: 98.34%
End of Epoch 507: Avg. Train Loss: 0.0017, Avg. Train Accuracy: 99.94%
End of Epoch 507: Avg. Val Loss: 0.1236, Avg. Val Accuracy: 98.36%
End of Epoch 508: Avg. Train Loss: 0.0016, Avg. Train Accuracy: 99.95%
End of Epoch 508: Avg. Val Loss: 0.1174, Avg. Val Accuracy: 98.53%
End of Epoch 509: Avg. Train Loss: 0.0015, Avg. Train Accuracy: 99.95%
End of Epoch 509: Avg. Val Loss: 0.1157, Avg. Val Accuracy: 98.49%
End of Epoch 510: Avg. Train Loss: 0.0017, Avg. Train Accuracy: 99.95%
End of Epoch 510: Avg. Val Loss: 0.1025, Avg. Val Accuracy: 98.51%
End of Epoch 511: Avg. Train Loss: 0.0015, Avg. Train Accuracy: 99.95%
End of Epoch 511: Avg. Val Loss: 0.1114, Avg. Val Accuracy: 98.49%
End of Epoch 512: Avg. Train Loss: 0.0014, Avg. Train Accuracy: 99.95%
End of Epoch 512: Avg. Val Loss: 0.1090, Avg. Val Accuracy: 98.51%
End of Epoch 513: Avg. Train Loss: 0.0018, Avg. Train Accuracy: 99.94%
End of Epoch 513: Avg. Val Loss: 0.0977, Avg. Val Accuracy: 98.54%
End of Epoch 514: Avg. Train Loss: 0.0020, Avg. Train Accuracy: 99.94%
End of Epoch 514: Avg. Val Loss: 0.1086, Avg. Val Accuracy: 98.46%
End of Epoch 515: Avg. Train Loss: 0.0020, Avg. Train Accuracy: 99.94%
End of Epoch 515: Avg. Val Loss: 0.1038, Avg. Val Accuracy: 98.64%
End of Epoch 516: Avg. Train Loss: 0.0015, Avg. Train Accuracy: 99.95%
End of Epoch 516: Avg. Val Loss: 0.1192, Avg. Val Accuracy: 98.43%
End of Epoch 517: Avg. Train Loss: 0.0016, Avg. Train Accuracy: 99.95%
End of Epoch 517: Avg. Val Loss: 0.1035, Avg. Val Accuracy: 98.64%
End of Epoch 518: Avg. Train Loss: 0.0015, Avg. Train Accuracy: 99.95%
End of Epoch 518: Avg. Val Loss: 0.1035, Avg. Val Accuracy: 98.62%
End of Epoch 519: Avg. Train Loss: 0.0019, Avg. Train Accuracy: 99.94%
End of Epoch 519: Avg. Val Loss: 0.1119, Avg. Val Accuracy: 98.32%
End of Epoch 520: Avg. Train Loss: 0.0018, Avg. Train Accuracy: 99.94%
End of Epoch 520: Avg. Val Loss: 0.1040, Avg. Val Accuracy: 98.64%
End of Epoch 521: Avg. Train Loss: 0.0023, Avg. Train Accuracy: 99.93%
End of Epoch 521: Avg. Val Loss: 0.1172, Avg. Val Accuracy: 98.47%
End of Epoch 522: Avg. Train Loss: 0.0019, Avg. Train Accuracy: 99.94%
End of Epoch 522: Avg. Val Loss: 0.1105, Avg. Val Accuracy: 98.47%
End of Epoch 523: Avg. Train Loss: 0.0016, Avg. Train Accuracy: 99.95%
End of Epoch 523: Avg. Val Loss: 0.1194, Avg. Val Accuracy: 98.55%
End of Epoch 524: Avg. Train Loss: 0.0015, Avg. Train Accuracy: 99.95%
End of Epoch 524: Avg. Val Loss: 0.1087, Avg. Val Accuracy: 98.42%
End of Epoch 525: Avg. Train Loss: 0.0020, Avg. Train Accuracy: 99.94%
End of Epoch 525: Avg. Val Loss: 0.1123, Avg. Val Accuracy: 98.42%
End of Epoch 526: Avg. Train Loss: 0.0021, Avg. Train Accuracy: 99.93%
End of Epoch 526: Avg. Val Loss: 0.0972, Avg. Val Accuracy: 98.39%
End of Epoch 527: Avg. Train Loss: 0.0015, Avg. Train Accuracy: 99.95%
End of Epoch 527: Avg. Val Loss: 0.0995, Avg. Val Accuracy: 98.47%
End of Epoch 528: Avg. Train Loss: 0.0014, Avg. Train Accuracy: 99.95%
End of Epoch 528: Avg. Val Loss: 0.1074, Avg. Val Accuracy: 98.53%
End of Epoch 529: Avg. Train Loss: 0.0018, Avg. Train Accuracy: 99.94%
End of Epoch 529: Avg. Val Loss: 0.1006, Avg. Val Accuracy: 98.58%
End of Epoch 530: Avg. Train Loss: 0.0023, Avg. Train Accuracy: 99.93%
End of Epoch 530: Avg. Val Loss: 0.1300, Avg. Val Accuracy: 98.46%
End of Epoch 531: Avg. Train Loss: 0.0022, Avg. Train Accuracy: 99.93%
End of Epoch 531: Avg. Val Loss: 0.0993, Avg. Val Accuracy: 98.47%
End of Epoch 532: Avg. Train Loss: 0.0014, Avg. Train Accuracy: 99.95%
End of Epoch 532: Avg. Val Loss: 0.1080, Avg. Val Accuracy: 98.57%
End of Epoch 533: Avg. Train Loss: 0.0019, Avg. Train Accuracy: 99.94%
End of Epoch 533: Avg. Val Loss: 0.1068, Avg. Val Accuracy: 98.54%
End of Epoch 534: Avg. Train Loss: 0.0020, Avg. Train Accuracy: 99.94%
End of Epoch 534: Avg. Val Loss: 0.1026, Avg. Val Accuracy: 98.69%
End of Epoch 535: Avg. Train Loss: 0.0012, Avg. Train Accuracy: 99.96%
End of Epoch 535: Avg. Val Loss: 0.1105, Avg. Val Accuracy: 98.59%
End of Epoch 536: Avg. Train Loss: 0.0018, Avg. Train Accuracy: 99.94%
End of Epoch 536: Avg. Val Loss: 0.1205, Avg. Val Accuracy: 98.36%
End of Epoch 537: Avg. Train Loss: 0.0015, Avg. Train Accuracy: 99.95%
End of Epoch 537: Avg. Val Loss: 0.1199, Avg. Val Accuracy: 98.49%
End of Epoch 538: Avg. Train Loss: 0.0014, Avg. Train Accuracy: 99.95%
End of Epoch 538: Avg. Val Loss: 0.1324, Avg. Val Accuracy: 98.50%
End of Epoch 539: Avg. Train Loss: 0.0016, Avg. Train Accuracy: 99.95%
End of Epoch 539: Avg. Val Loss: 0.1092, Avg. Val Accuracy: 98.55%
End of Epoch 540: Avg. Train Loss: 0.0017, Avg. Train Accuracy: 99.95%
End of Epoch 540: Avg. Val Loss: 0.1493, Avg. Val Accuracy: 98.35%
End of Epoch 541: Avg. Train Loss: 0.0019, Avg. Train Accuracy: 99.94%
End of Epoch 541: Avg. Val Loss: 0.1138, Avg. Val Accuracy: 98.34%
End of Epoch 542: Avg. Train Loss: 0.0029, Avg. Train Accuracy: 99.93%
End of Epoch 542: Avg. Val Loss: 0.1200, Avg. Val Accuracy: 98.41%
End of Epoch 543: Avg. Train Loss: 0.0015, Avg. Train Accuracy: 99.95%
End of Epoch 543: Avg. Val Loss: 0.1254, Avg. Val Accuracy: 98.55%
End of Epoch 544: Avg. Train Loss: 0.0014, Avg. Train Accuracy: 99.95%
End of Epoch 544: Avg. Val Loss: 0.1264, Avg. Val Accuracy: 98.42%
End of Epoch 545: Avg. Train Loss: 0.0015, Avg. Train Accuracy: 99.95%
End of Epoch 545: Avg. Val Loss: 0.1248, Avg. Val Accuracy: 98.49%
End of Epoch 546: Avg. Train Loss: 0.0016, Avg. Train Accuracy: 99.95%
End of Epoch 546: Avg. Val Loss: 0.1271, Avg. Val Accuracy: 98.43%
End of Epoch 547: Avg. Train Loss: 0.0029, Avg. Train Accuracy: 99.92%
End of Epoch 547: Avg. Val Loss: 0.1233, Avg. Val Accuracy: 98.46%
End of Epoch 548: Avg. Train Loss: 0.0016, Avg. Train Accuracy: 99.95%
End of Epoch 548: Avg. Val Loss: 0.1129, Avg. Val Accuracy: 98.31%
End of Epoch 549: Avg. Train Loss: 0.0017, Avg. Train Accuracy: 99.95%
End of Epoch 549: Avg. Val Loss: 0.1261, Avg. Val Accuracy: 98.30%
End of Epoch 550: Avg. Train Loss: 0.0014, Avg. Train Accuracy: 99.95%
End of Epoch 550: Avg. Val Loss: 0.1033, Avg. Val Accuracy: 98.69%
End of Epoch 551: Avg. Train Loss: 0.0013, Avg. Train Accuracy: 99.96%
End of Epoch 551: Avg. Val Loss: 0.1246, Avg. Val Accuracy: 98.24%
End of Epoch 552: Avg. Train Loss: 0.0014, Avg. Train Accuracy: 99.95%
End of Epoch 552: Avg. Val Loss: 0.1245, Avg. Val Accuracy: 98.53%
End of Epoch 553: Avg. Train Loss: 0.0015, Avg. Train Accuracy: 99.95%
End of Epoch 553: Avg. Val Loss: 0.1070, Avg. Val Accuracy: 98.32%
End of Epoch 554: Avg. Train Loss: 0.0033, Avg. Train Accuracy: 99.92%
End of Epoch 554: Avg. Val Loss: 0.1091, Avg. Val Accuracy: 98.53%
End of Epoch 555: Avg. Train Loss: 0.0018, Avg. Train Accuracy: 99.94%
End of Epoch 555: Avg. Val Loss: 0.0943, Avg. Val Accuracy: 98.57%
End of Epoch 556: Avg. Train Loss: 0.0016, Avg. Train Accuracy: 99.95%
End of Epoch 556: Avg. Val Loss: 0.1266, Avg. Val Accuracy: 98.20%
End of Epoch 557: Avg. Train Loss: 0.0011, Avg. Train Accuracy: 99.96%
End of Epoch 557: Avg. Val Loss: 0.1085, Avg. Val Accuracy: 98.54%
End of Epoch 558: Avg. Train Loss: 0.0013, Avg. Train Accuracy: 99.96%
End of Epoch 558: Avg. Val Loss: 0.1200, Avg. Val Accuracy: 98.45%
End of Epoch 559: Avg. Train Loss: 0.0019, Avg. Train Accuracy: 99.94%
End of Epoch 559: Avg. Val Loss: 0.1172, Avg. Val Accuracy: 98.50%
End of Epoch 560: Avg. Train Loss: 0.0017, Avg. Train Accuracy: 99.94%
End of Epoch 560: Avg. Val Loss: 0.1215, Avg. Val Accuracy: 98.41%
End of Epoch 561: Avg. Train Loss: 0.0017, Avg. Train Accuracy: 99.95%
End of Epoch 561: Avg. Val Loss: 0.1074, Avg. Val Accuracy: 98.46%
End of Epoch 562: Avg. Train Loss: 0.0017, Avg. Train Accuracy: 99.95%
End of Epoch 562: Avg. Val Loss: 0.1210, Avg. Val Accuracy: 98.31%
End of Epoch 563: Avg. Train Loss: 0.0018, Avg. Train Accuracy: 99.95%
End of Epoch 563: Avg. Val Loss: 0.1234, Avg. Val Accuracy: 98.24%
End of Epoch 564: Avg. Train Loss: 0.0022, Avg. Train Accuracy: 99.93%
End of Epoch 564: Avg. Val Loss: 0.1446, Avg. Val Accuracy: 98.11%
End of Epoch 565: Avg. Train Loss: 0.0015, Avg. Train Accuracy: 99.95%
End of Epoch 565: Avg. Val Loss: 0.1129, Avg. Val Accuracy: 98.62%
End of Epoch 566: Avg. Train Loss: 0.0012, Avg. Train Accuracy: 99.96%
End of Epoch 566: Avg. Val Loss: 0.1281, Avg. Val Accuracy: 98.46%
End of Epoch 567: Avg. Train Loss: 0.0014, Avg. Train Accuracy: 99.95%
End of Epoch 567: Avg. Val Loss: 0.1296, Avg. Val Accuracy: 98.51%
End of Epoch 568: Avg. Train Loss: 0.0030, Avg. Train Accuracy: 99.92%
End of Epoch 568: Avg. Val Loss: 0.1209, Avg. Val Accuracy: 98.42%
End of Epoch 569: Avg. Train Loss: 0.0026, Avg. Train Accuracy: 99.93%
End of Epoch 569: Avg. Val Loss: 0.0979, Avg. Val Accuracy: 98.30%
End of Epoch 570: Avg. Train Loss: 0.0015, Avg. Train Accuracy: 99.95%
End of Epoch 570: Avg. Val Loss: 0.1088, Avg. Val Accuracy: 98.64%
End of Epoch 571: Avg. Train Loss: 0.0014, Avg. Train Accuracy: 99.95%
End of Epoch 571: Avg. Val Loss: 0.1132, Avg. Val Accuracy: 98.42%
End of Epoch 572: Avg. Train Loss: 0.0016, Avg. Train Accuracy: 99.95%
End of Epoch 572: Avg. Val Loss: 0.1147, Avg. Val Accuracy: 98.38%
End of Epoch 573: Avg. Train Loss: 0.0015, Avg. Train Accuracy: 99.95%
End of Epoch 573: Avg. Val Loss: 0.1299, Avg. Val Accuracy: 98.51%
End of Epoch 574: Avg. Train Loss: 0.0025, Avg. Train Accuracy: 99.94%
End of Epoch 574: Avg. Val Loss: 0.1139, Avg. Val Accuracy: 98.39%
End of Epoch 575: Avg. Train Loss: 0.0018, Avg. Train Accuracy: 99.94%
End of Epoch 575: Avg. Val Loss: 0.1123, Avg. Val Accuracy: 98.45%
End of Epoch 576: Avg. Train Loss: 0.0015, Avg. Train Accuracy: 99.95%
End of Epoch 576: Avg. Val Loss: 0.1172, Avg. Val Accuracy: 98.45%
End of Epoch 577: Avg. Train Loss: 0.0015, Avg. Train Accuracy: 99.95%
End of Epoch 577: Avg. Val Loss: 0.1282, Avg. Val Accuracy: 98.45%
End of Epoch 578: Avg. Train Loss: 0.0011, Avg. Train Accuracy: 99.96%
End of Epoch 578: Avg. Val Loss: 0.1264, Avg. Val Accuracy: 98.51%
End of Epoch 579: Avg. Train Loss: 0.0012, Avg. Train Accuracy: 99.96%
End of Epoch 579: Avg. Val Loss: 0.1231, Avg. Val Accuracy: 98.34%
End of Epoch 580: Avg. Train Loss: 0.0014, Avg. Train Accuracy: 99.96%
End of Epoch 580: Avg. Val Loss: 0.1363, Avg. Val Accuracy: 98.43%
End of Epoch 581: Avg. Train Loss: 0.0016, Avg. Train Accuracy: 99.95%
End of Epoch 581: Avg. Val Loss: 0.1209, Avg. Val Accuracy: 98.50%
End of Epoch 582: Avg. Train Loss: 0.0022, Avg. Train Accuracy: 99.94%
End of Epoch 582: Avg. Val Loss: 0.1204, Avg. Val Accuracy: 98.57%
End of Epoch 583: Avg. Train Loss: 0.0017, Avg. Train Accuracy: 99.94%
End of Epoch 583: Avg. Val Loss: 0.1341, Avg. Val Accuracy: 98.51%
End of Epoch 584: Avg. Train Loss: 0.0021, Avg. Train Accuracy: 99.94%
End of Epoch 584: Avg. Val Loss: 0.1263, Avg. Val Accuracy: 98.41%
End of Epoch 585: Avg. Train Loss: 0.0015, Avg. Train Accuracy: 99.95%
End of Epoch 585: Avg. Val Loss: 0.1143, Avg. Val Accuracy: 98.53%
End of Epoch 586: Avg. Train Loss: 0.0018, Avg. Train Accuracy: 99.94%
End of Epoch 586: Avg. Val Loss: 0.1369, Avg. Val Accuracy: 98.49%
End of Epoch 587: Avg. Train Loss: 0.0025, Avg. Train Accuracy: 99.93%
End of Epoch 587: Avg. Val Loss: 0.1269, Avg. Val Accuracy: 98.20%
End of Epoch 588: Avg. Train Loss: 0.0019, Avg. Train Accuracy: 99.94%
End of Epoch 588: Avg. Val Loss: 0.1183, Avg. Val Accuracy: 98.45%
End of Epoch 589: Avg. Train Loss: 0.0013, Avg. Train Accuracy: 99.96%
End of Epoch 589: Avg. Val Loss: 0.1215, Avg. Val Accuracy: 98.65%
End of Epoch 590: Avg. Train Loss: 0.0014, Avg. Train Accuracy: 99.95%
End of Epoch 590: Avg. Val Loss: 0.1315, Avg. Val Accuracy: 98.28%
End of Epoch 591: Avg. Train Loss: 0.0014, Avg. Train Accuracy: 99.95%
End of Epoch 591: Avg. Val Loss: 0.1218, Avg. Val Accuracy: 98.28%
End of Epoch 592: Avg. Train Loss: 0.0015, Avg. Train Accuracy: 99.95%
End of Epoch 592: Avg. Val Loss: 0.1309, Avg. Val Accuracy: 98.46%
End of Epoch 593: Avg. Train Loss: 0.0015, Avg. Train Accuracy: 99.95%
End of Epoch 593: Avg. Val Loss: 0.1409, Avg. Val Accuracy: 98.35%
End of Epoch 594: Avg. Train Loss: 0.0012, Avg. Train Accuracy: 99.96%
End of Epoch 594: Avg. Val Loss: 0.1428, Avg. Val Accuracy: 98.43%
End of Epoch 595: Avg. Train Loss: 0.0013, Avg. Train Accuracy: 99.96%
End of Epoch 595: Avg. Val Loss: 0.1370, Avg. Val Accuracy: 98.49%
End of Epoch 596: Avg. Train Loss: 0.0017, Avg. Train Accuracy: 99.95%
End of Epoch 596: Avg. Val Loss: 0.1292, Avg. Val Accuracy: 98.42%
End of Epoch 597: Avg. Train Loss: 0.0015, Avg. Train Accuracy: 99.95%
End of Epoch 597: Avg. Val Loss: 0.1167, Avg. Val Accuracy: 98.46%
End of Epoch 598: Avg. Train Loss: 0.0018, Avg. Train Accuracy: 99.95%
End of Epoch 598: Avg. Val Loss: 0.1140, Avg. Val Accuracy: 98.51%
End of Epoch 599: Avg. Train Loss: 0.0016, Avg. Train Accuracy: 99.95%
End of Epoch 599: Avg. Val Loss: 0.1111, Avg. Val Accuracy: 98.35%
End of Epoch 600: Avg. Train Loss: 0.0016, Avg. Train Accuracy: 99.95%
End of Epoch 600: Avg. Val Loss: 0.1238, Avg. Val Accuracy: 98.46%
End of Epoch 601: Avg. Train Loss: 0.0014, Avg. Train Accuracy: 99.95%
End of Epoch 601: Avg. Val Loss: 0.1449, Avg. Val Accuracy: 98.51%
End of Epoch 602: Avg. Train Loss: 0.0015, Avg. Train Accuracy: 99.95%
End of Epoch 602: Avg. Val Loss: 0.1273, Avg. Val Accuracy: 98.62%
End of Epoch 603: Avg. Train Loss: 0.0032, Avg. Train Accuracy: 99.92%
End of Epoch 603: Avg. Val Loss: 0.1423, Avg. Val Accuracy: 98.31%
End of Epoch 604: Avg. Train Loss: 0.0022, Avg. Train Accuracy: 99.93%
End of Epoch 604: Avg. Val Loss: 0.1044, Avg. Val Accuracy: 98.47%
End of Epoch 605: Avg. Train Loss: 0.0015, Avg. Train Accuracy: 99.95%
End of Epoch 605: Avg. Val Loss: 0.1065, Avg. Val Accuracy: 98.42%
End of Epoch 606: Avg. Train Loss: 0.0012, Avg. Train Accuracy: 99.96%
End of Epoch 606: Avg. Val Loss: 0.1091, Avg. Val Accuracy: 98.62%
End of Epoch 607: Avg. Train Loss: 0.0013, Avg. Train Accuracy: 99.96%
End of Epoch 607: Avg. Val Loss: 0.1351, Avg. Val Accuracy: 98.27%
End of Epoch 608: Avg. Train Loss: 0.0017, Avg. Train Accuracy: 99.95%
End of Epoch 608: Avg. Val Loss: 0.1120, Avg. Val Accuracy: 98.54%
End of Epoch 609: Avg. Train Loss: 0.0014, Avg. Train Accuracy: 99.95%
End of Epoch 609: Avg. Val Loss: 0.1136, Avg. Val Accuracy: 98.50%
End of Epoch 610: Avg. Train Loss: 0.0014, Avg. Train Accuracy: 99.95%
End of Epoch 610: Avg. Val Loss: 0.1220, Avg. Val Accuracy: 98.47%
End of Epoch 611: Avg. Train Loss: 0.0013, Avg. Train Accuracy: 99.96%
End of Epoch 611: Avg. Val Loss: 0.1266, Avg. Val Accuracy: 98.59%
End of Epoch 612: Avg. Train Loss: 0.0018, Avg. Train Accuracy: 99.95%
End of Epoch 612: Avg. Val Loss: 0.1100, Avg. Val Accuracy: 98.58%
End of Epoch 613: Avg. Train Loss: 0.0018, Avg. Train Accuracy: 99.94%
End of Epoch 613: Avg. Val Loss: 0.1044, Avg. Val Accuracy: 98.49%
End of Epoch 614: Avg. Train Loss: 0.0017, Avg. Train Accuracy: 99.95%
End of Epoch 614: Avg. Val Loss: 0.1245, Avg. Val Accuracy: 98.28%
End of Epoch 615: Avg. Train Loss: 0.0018, Avg. Train Accuracy: 99.95%
End of Epoch 615: Avg. Val Loss: 0.1219, Avg. Val Accuracy: 98.51%
End of Epoch 616: Avg. Train Loss: 0.0019, Avg. Train Accuracy: 99.94%
End of Epoch 616: Avg. Val Loss: 0.1322, Avg. Val Accuracy: 98.42%
End of Epoch 617: Avg. Train Loss: 0.0014, Avg. Train Accuracy: 99.96%
End of Epoch 617: Avg. Val Loss: 0.1514, Avg. Val Accuracy: 98.43%
End of Epoch 618: Avg. Train Loss: 0.0015, Avg. Train Accuracy: 99.95%
End of Epoch 618: Avg. Val Loss: 0.1232, Avg. Val Accuracy: 98.65%
End of Epoch 619: Avg. Train Loss: 0.0015, Avg. Train Accuracy: 99.95%
End of Epoch 619: Avg. Val Loss: 0.1214, Avg. Val Accuracy: 98.50%
End of Epoch 620: Avg. Train Loss: 0.0014, Avg. Train Accuracy: 99.96%
End of Epoch 620: Avg. Val Loss: 0.1604, Avg. Val Accuracy: 98.42%
End of Epoch 621: Avg. Train Loss: 0.0012, Avg. Train Accuracy: 99.96%
End of Epoch 621: Avg. Val Loss: 0.1257, Avg. Val Accuracy: 98.43%
End of Epoch 622: Avg. Train Loss: 0.0013, Avg. Train Accuracy: 99.96%
End of Epoch 622: Avg. Val Loss: 0.1430, Avg. Val Accuracy: 98.34%
End of Epoch 623: Avg. Train Loss: 0.0018, Avg. Train Accuracy: 99.94%
End of Epoch 623: Avg. Val Loss: 0.1266, Avg. Val Accuracy: 98.47%
End of Epoch 624: Avg. Train Loss: 0.0032, Avg. Train Accuracy: 99.92%
End of Epoch 624: Avg. Val Loss: 0.0925, Avg. Val Accuracy: 98.59%
End of Epoch 625: Avg. Train Loss: 0.0021, Avg. Train Accuracy: 99.94%
End of Epoch 625: Avg. Val Loss: 0.1056, Avg. Val Accuracy: 98.43%
End of Epoch 626: Avg. Train Loss: 0.0014, Avg. Train Accuracy: 99.95%
End of Epoch 626: Avg. Val Loss: 0.1085, Avg. Val Accuracy: 98.61%
End of Epoch 627: Avg. Train Loss: 0.0010, Avg. Train Accuracy: 99.97%
End of Epoch 627: Avg. Val Loss: 0.1246, Avg. Val Accuracy: 98.55%
End of Epoch 628: Avg. Train Loss: 0.0014, Avg. Train Accuracy: 99.96%
End of Epoch 628: Avg. Val Loss: 0.1126, Avg. Val Accuracy: 98.55%
End of Epoch 629: Avg. Train Loss: 0.0016, Avg. Train Accuracy: 99.95%
End of Epoch 629: Avg. Val Loss: 0.1142, Avg. Val Accuracy: 98.23%
End of Epoch 630: Avg. Train Loss: 0.0015, Avg. Train Accuracy: 99.95%
End of Epoch 630: Avg. Val Loss: 0.1219, Avg. Val Accuracy: 98.59%
End of Epoch 631: Avg. Train Loss: 0.0013, Avg. Train Accuracy: 99.96%
End of Epoch 631: Avg. Val Loss: 0.1100, Avg. Val Accuracy: 98.59%
End of Epoch 632: Avg. Train Loss: 0.0012, Avg. Train Accuracy: 99.96%
End of Epoch 632: Avg. Val Loss: 0.1187, Avg. Val Accuracy: 98.68%
End of Epoch 633: Avg. Train Loss: 0.0011, Avg. Train Accuracy: 99.96%
End of Epoch 633: Avg. Val Loss: 0.1269, Avg. Val Accuracy: 98.41%
End of Epoch 634: Avg. Train Loss: 0.0016, Avg. Train Accuracy: 99.95%
End of Epoch 634: Avg. Val Loss: 0.1180, Avg. Val Accuracy: 98.58%
End of Epoch 635: Avg. Train Loss: 0.0018, Avg. Train Accuracy: 99.95%
End of Epoch 635: Avg. Val Loss: 0.1372, Avg. Val Accuracy: 98.45%
End of Epoch 636: Avg. Train Loss: 0.0020, Avg. Train Accuracy: 99.95%
End of Epoch 636: Avg. Val Loss: 0.1394, Avg. Val Accuracy: 98.30%
End of Epoch 637: Avg. Train Loss: 0.0019, Avg. Train Accuracy: 99.94%
End of Epoch 637: Avg. Val Loss: 0.1188, Avg. Val Accuracy: 98.41%
End of Epoch 638: Avg. Train Loss: 0.0014, Avg. Train Accuracy: 99.95%
End of Epoch 638: Avg. Val Loss: 0.1258, Avg. Val Accuracy: 98.53%
End of Epoch 639: Avg. Train Loss: 0.0013, Avg. Train Accuracy: 99.96%
End of Epoch 639: Avg. Val Loss: 0.1139, Avg. Val Accuracy: 98.68%
End of Epoch 640: Avg. Train Loss: 0.0011, Avg. Train Accuracy: 99.96%
End of Epoch 640: Avg. Val Loss: 0.1249, Avg. Val Accuracy: 98.45%
End of Epoch 641: Avg. Train Loss: 0.0012, Avg. Train Accuracy: 99.96%
End of Epoch 641: Avg. Val Loss: 0.1345, Avg. Val Accuracy: 98.55%
End of Epoch 642: Avg. Train Loss: 0.0014, Avg. Train Accuracy: 99.95%
End of Epoch 642: Avg. Val Loss: 0.1342, Avg. Val Accuracy: 98.53%
End of Epoch 643: Avg. Train Loss: 0.0015, Avg. Train Accuracy: 99.95%
End of Epoch 643: Avg. Val Loss: 0.1349, Avg. Val Accuracy: 98.51%
End of Epoch 644: Avg. Train Loss: 0.0013, Avg. Train Accuracy: 99.96%
End of Epoch 644: Avg. Val Loss: 0.1297, Avg. Val Accuracy: 98.55%
End of Epoch 645: Avg. Train Loss: 0.0022, Avg. Train Accuracy: 99.94%
End of Epoch 645: Avg. Val Loss: 0.1094, Avg. Val Accuracy: 98.41%
End of Epoch 646: Avg. Train Loss: 0.0019, Avg. Train Accuracy: 99.94%
End of Epoch 646: Avg. Val Loss: 0.1118, Avg. Val Accuracy: 98.53%
End of Epoch 647: Avg. Train Loss: 0.0017, Avg. Train Accuracy: 99.95%
End of Epoch 647: Avg. Val Loss: 0.1152, Avg. Val Accuracy: 98.45%
End of Epoch 648: Avg. Train Loss: 0.0024, Avg. Train Accuracy: 99.93%
End of Epoch 648: Avg. Val Loss: 0.1475, Avg. Val Accuracy: 98.05%
End of Epoch 649: Avg. Train Loss: 0.0023, Avg. Train Accuracy: 99.93%
End of Epoch 649: Avg. Val Loss: 0.0987, Avg. Val Accuracy: 98.50%
End of Epoch 650: Avg. Train Loss: 0.0014, Avg. Train Accuracy: 99.95%
End of Epoch 650: Avg. Val Loss: 0.1048, Avg. Val Accuracy: 98.64%
End of Epoch 651: Avg. Train Loss: 0.0011, Avg. Train Accuracy: 99.96%
End of Epoch 651: Avg. Val Loss: 0.1091, Avg. Val Accuracy: 98.68%
End of Epoch 652: Avg. Train Loss: 0.0010, Avg. Train Accuracy: 99.96%
End of Epoch 652: Avg. Val Loss: 0.1274, Avg. Val Accuracy: 98.66%
End of Epoch 653: Avg. Train Loss: 0.0010, Avg. Train Accuracy: 99.96%
End of Epoch 653: Avg. Val Loss: 0.1274, Avg. Val Accuracy: 98.66%
End of Epoch 654: Avg. Train Loss: 0.0014, Avg. Train Accuracy: 99.95%
End of Epoch 654: Avg. Val Loss: 0.1193, Avg. Val Accuracy: 98.51%
End of Epoch 655: Avg. Train Loss: 0.0016, Avg. Train Accuracy: 99.95%
End of Epoch 655: Avg. Val Loss: 0.1225, Avg. Val Accuracy: 98.43%
End of Epoch 656: Avg. Train Loss: 0.0018, Avg. Train Accuracy: 99.94%
End of Epoch 656: Avg. Val Loss: 0.1218, Avg. Val Accuracy: 98.61%
End of Epoch 657: Avg. Train Loss: 0.0013, Avg. Train Accuracy: 99.96%
End of Epoch 657: Avg. Val Loss: 0.1329, Avg. Val Accuracy: 98.43%
End of Epoch 658: Avg. Train Loss: 0.0010, Avg. Train Accuracy: 99.97%
End of Epoch 658: Avg. Val Loss: 0.1470, Avg. Val Accuracy: 98.53%
End of Epoch 659: Avg. Train Loss: 0.0013, Avg. Train Accuracy: 99.96%
End of Epoch 659: Avg. Val Loss: 0.1429, Avg. Val Accuracy: 98.34%
End of Epoch 660: Avg. Train Loss: 0.0023, Avg. Train Accuracy: 99.93%
End of Epoch 660: Avg. Val Loss: 0.1461, Avg. Val Accuracy: 98.41%
End of Epoch 661: Avg. Train Loss: 0.0013, Avg. Train Accuracy: 99.95%
End of Epoch 661: Avg. Val Loss: 0.1326, Avg. Val Accuracy: 98.30%
End of Epoch 662: Avg. Train Loss: 0.0012, Avg. Train Accuracy: 99.96%
End of Epoch 662: Avg. Val Loss: 0.1249, Avg. Val Accuracy: 98.43%
End of Epoch 663: Avg. Train Loss: 0.0011, Avg. Train Accuracy: 99.96%
End of Epoch 663: Avg. Val Loss: 0.1481, Avg. Val Accuracy: 98.14%
End of Epoch 664: Avg. Train Loss: 0.0029, Avg. Train Accuracy: 99.92%
End of Epoch 664: Avg. Val Loss: 0.1179, Avg. Val Accuracy: 98.26%
End of Epoch 665: Avg. Train Loss: 0.0015, Avg. Train Accuracy: 99.95%
End of Epoch 665: Avg. Val Loss: 0.1174, Avg. Val Accuracy: 98.59%
End of Epoch 666: Avg. Train Loss: 0.0010, Avg. Train Accuracy: 99.96%
End of Epoch 666: Avg. Val Loss: 0.1279, Avg. Val Accuracy: 98.42%
End of Epoch 667: Avg. Train Loss: 0.0014, Avg. Train Accuracy: 99.95%
End of Epoch 667: Avg. Val Loss: 0.1776, Avg. Val Accuracy: 98.16%
End of Epoch 668: Avg. Train Loss: 0.0039, Avg. Train Accuracy: 99.91%
End of Epoch 668: Avg. Val Loss: 0.1274, Avg. Val Accuracy: 98.46%
End of Epoch 669: Avg. Train Loss: 0.0015, Avg. Train Accuracy: 99.95%
End of Epoch 669: Avg. Val Loss: 0.1256, Avg. Val Accuracy: 98.66%
End of Epoch 670: Avg. Train Loss: 0.0013, Avg. Train Accuracy: 99.96%
End of Epoch 670: Avg. Val Loss: 0.1275, Avg. Val Accuracy: 98.46%
End of Epoch 671: Avg. Train Loss: 0.0010, Avg. Train Accuracy: 99.97%
End of Epoch 671: Avg. Val Loss: 0.1419, Avg. Val Accuracy: 98.41%
End of Epoch 672: Avg. Train Loss: 0.0013, Avg. Train Accuracy: 99.96%
End of Epoch 672: Avg. Val Loss: 0.1474, Avg. Val Accuracy: 98.66%
End of Epoch 673: Avg. Train Loss: 0.0011, Avg. Train Accuracy: 99.96%
End of Epoch 673: Avg. Val Loss: 0.1421, Avg. Val Accuracy: 98.64%
End of Epoch 674: Avg. Train Loss: 0.0010, Avg. Train Accuracy: 99.96%
End of Epoch 674: Avg. Val Loss: 0.1445, Avg. Val Accuracy: 98.46%
End of Epoch 675: Avg. Train Loss: 0.0010, Avg. Train Accuracy: 99.97%
End of Epoch 675: Avg. Val Loss: 0.1461, Avg. Val Accuracy: 98.54%
End of Epoch 676: Avg. Train Loss: 0.0017, Avg. Train Accuracy: 99.95%
End of Epoch 676: Avg. Val Loss: 0.1186, Avg. Val Accuracy: 98.35%
End of Epoch 677: Avg. Train Loss: 0.0029, Avg. Train Accuracy: 99.93%
End of Epoch 677: Avg. Val Loss: 0.1117, Avg. Val Accuracy: 98.51%
End of Epoch 678: Avg. Train Loss: 0.0014, Avg. Train Accuracy: 99.95%
End of Epoch 678: Avg. Val Loss: 0.1383, Avg. Val Accuracy: 98.50%
End of Epoch 679: Avg. Train Loss: 0.0011, Avg. Train Accuracy: 99.96%
End of Epoch 679: Avg. Val Loss: 0.1541, Avg. Val Accuracy: 98.36%
End of Epoch 680: Avg. Train Loss: 0.0021, Avg. Train Accuracy: 99.94%
End of Epoch 680: Avg. Val Loss: 0.1253, Avg. Val Accuracy: 98.53%
End of Epoch 681: Avg. Train Loss: 0.0012, Avg. Train Accuracy: 99.96%
End of Epoch 681: Avg. Val Loss: 0.1306, Avg. Val Accuracy: 98.55%
End of Epoch 682: Avg. Train Loss: 0.0013, Avg. Train Accuracy: 99.96%
End of Epoch 682: Avg. Val Loss: 0.1248, Avg. Val Accuracy: 98.50%
End of Epoch 683: Avg. Train Loss: 0.0011, Avg. Train Accuracy: 99.96%
End of Epoch 683: Avg. Val Loss: 0.1387, Avg. Val Accuracy: 98.42%
End of Epoch 684: Avg. Train Loss: 0.0016, Avg. Train Accuracy: 99.95%
End of Epoch 684: Avg. Val Loss: 0.1555, Avg. Val Accuracy: 98.43%
End of Epoch 685: Avg. Train Loss: 0.0019, Avg. Train Accuracy: 99.94%
End of Epoch 685: Avg. Val Loss: 0.1368, Avg. Val Accuracy: 98.35%
End of Epoch 686: Avg. Train Loss: 0.0022, Avg. Train Accuracy: 99.94%
End of Epoch 686: Avg. Val Loss: 0.1234, Avg. Val Accuracy: 98.39%
End of Epoch 687: Avg. Train Loss: 0.0012, Avg. Train Accuracy: 99.96%
End of Epoch 687: Avg. Val Loss: 0.1176, Avg. Val Accuracy: 98.69%
End of Epoch 688: Avg. Train Loss: 0.0011, Avg. Train Accuracy: 99.96%
End of Epoch 688: Avg. Val Loss: 0.1215, Avg. Val Accuracy: 98.58%
End of Epoch 689: Avg. Train Loss: 0.0018, Avg. Train Accuracy: 99.95%
End of Epoch 689: Avg. Val Loss: 0.1344, Avg. Val Accuracy: 98.54%
End of Epoch 690: Avg. Train Loss: 0.0017, Avg. Train Accuracy: 99.95%
End of Epoch 690: Avg. Val Loss: 0.1298, Avg. Val Accuracy: 98.32%
End of Epoch 691: Avg. Train Loss: 0.0011, Avg. Train Accuracy: 99.96%
End of Epoch 691: Avg. Val Loss: 0.1391, Avg. Val Accuracy: 98.46%
End of Epoch 692: Avg. Train Loss: 0.0010, Avg. Train Accuracy: 99.97%
End of Epoch 692: Avg. Val Loss: 0.1365, Avg. Val Accuracy: 98.39%
End of Epoch 693: Avg. Train Loss: 0.0011, Avg. Train Accuracy: 99.96%
End of Epoch 693: Avg. Val Loss: 0.1430, Avg. Val Accuracy: 98.45%
End of Epoch 694: Avg. Train Loss: 0.0013, Avg. Train Accuracy: 99.96%
End of Epoch 694: Avg. Val Loss: 0.1370, Avg. Val Accuracy: 98.57%
End of Epoch 695: Avg. Train Loss: 0.0023, Avg. Train Accuracy: 99.95%
End of Epoch 695: Avg. Val Loss: 0.1585, Avg. Val Accuracy: 98.04%
End of Epoch 696: Avg. Train Loss: 0.0036, Avg. Train Accuracy: 99.91%
End of Epoch 696: Avg. Val Loss: 0.1265, Avg. Val Accuracy: 98.43%
End of Epoch 697: Avg. Train Loss: 0.0022, Avg. Train Accuracy: 99.94%
End of Epoch 697: Avg. Val Loss: 0.1149, Avg. Val Accuracy: 98.41%
End of Epoch 698: Avg. Train Loss: 0.0013, Avg. Train Accuracy: 99.95%
End of Epoch 698: Avg. Val Loss: 0.1246, Avg. Val Accuracy: 98.46%
End of Epoch 699: Avg. Train Loss: 0.0010, Avg. Train Accuracy: 99.96%
End of Epoch 699: Avg. Val Loss: 0.1398, Avg. Val Accuracy: 98.46%
End of Epoch 700: Avg. Train Loss: 0.0010, Avg. Train Accuracy: 99.97%
End of Epoch 700: Avg. Val Loss: 0.1382, Avg. Val Accuracy: 98.53%
End of Epoch 701: Avg. Train Loss: 0.0012, Avg. Train Accuracy: 99.96%
End of Epoch 701: Avg. Val Loss: 0.1397, Avg. Val Accuracy: 98.41%
End of Epoch 702: Avg. Train Loss: 0.0010, Avg. Train Accuracy: 99.97%
End of Epoch 702: Avg. Val Loss: 0.1343, Avg. Val Accuracy: 98.54%
End of Epoch 703: Avg. Train Loss: 0.0009, Avg. Train Accuracy: 99.97%
End of Epoch 703: Avg. Val Loss: 0.1551, Avg. Val Accuracy: 98.27%
End of Epoch 704: Avg. Train Loss: 0.0023, Avg. Train Accuracy: 99.94%
End of Epoch 704: Avg. Val Loss: 0.1541, Avg. Val Accuracy: 98.38%
End of Epoch 705: Avg. Train Loss: 0.0018, Avg. Train Accuracy: 99.94%
End of Epoch 705: Avg. Val Loss: 0.1225, Avg. Val Accuracy: 98.55%
End of Epoch 706: Avg. Train Loss: 0.0012, Avg. Train Accuracy: 99.96%
End of Epoch 706: Avg. Val Loss: 0.1327, Avg. Val Accuracy: 98.61%
End of Epoch 707: Avg. Train Loss: 0.0011, Avg. Train Accuracy: 99.96%
End of Epoch 707: Avg. Val Loss: 0.1387, Avg. Val Accuracy: 98.46%
End of Epoch 708: Avg. Train Loss: 0.0010, Avg. Train Accuracy: 99.96%
End of Epoch 708: Avg. Val Loss: 0.1341, Avg. Val Accuracy: 98.47%
End of Epoch 709: Avg. Train Loss: 0.0013, Avg. Train Accuracy: 99.96%
End of Epoch 709: Avg. Val Loss: 0.1483, Avg. Val Accuracy: 98.38%
End of Epoch 710: Avg. Train Loss: 0.0011, Avg. Train Accuracy: 99.96%
End of Epoch 710: Avg. Val Loss: 0.1498, Avg. Val Accuracy: 98.59%
End of Epoch 711: Avg. Train Loss: 0.0014, Avg. Train Accuracy: 99.96%
End of Epoch 711: Avg. Val Loss: 0.1444, Avg. Val Accuracy: 98.47%
End of Epoch 712: Avg. Train Loss: 0.0017, Avg. Train Accuracy: 99.95%
End of Epoch 712: Avg. Val Loss: 0.1383, Avg. Val Accuracy: 98.53%
End of Epoch 713: Avg. Train Loss: 0.0016, Avg. Train Accuracy: 99.95%
End of Epoch 713: Avg. Val Loss: 0.1347, Avg. Val Accuracy: 98.35%
End of Epoch 714: Avg. Train Loss: 0.0021, Avg. Train Accuracy: 99.94%
End of Epoch 714: Avg. Val Loss: 0.1041, Avg. Val Accuracy: 98.49%
End of Epoch 715: Avg. Train Loss: 0.0016, Avg. Train Accuracy: 99.95%
End of Epoch 715: Avg. Val Loss: 0.1413, Avg. Val Accuracy: 98.30%
End of Epoch 716: Avg. Train Loss: 0.0012, Avg. Train Accuracy: 99.96%
End of Epoch 716: Avg. Val Loss: 0.1359, Avg. Val Accuracy: 98.45%
End of Epoch 717: Avg. Train Loss: 0.0011, Avg. Train Accuracy: 99.96%
End of Epoch 717: Avg. Val Loss: 0.1379, Avg. Val Accuracy: 98.50%
End of Epoch 718: Avg. Train Loss: 0.0010, Avg. Train Accuracy: 99.97%
End of Epoch 718: Avg. Val Loss: 0.1541, Avg. Val Accuracy: 98.31%
End of Epoch 719: Avg. Train Loss: 0.0015, Avg. Train Accuracy: 99.95%
End of Epoch 719: Avg. Val Loss: 0.1321, Avg. Val Accuracy: 98.41%
End of Epoch 720: Avg. Train Loss: 0.0014, Avg. Train Accuracy: 99.96%
End of Epoch 720: Avg. Val Loss: 0.1411, Avg. Val Accuracy: 98.43%
End of Epoch 721: Avg. Train Loss: 0.0014, Avg. Train Accuracy: 99.96%
End of Epoch 721: Avg. Val Loss: 0.1318, Avg. Val Accuracy: 98.57%
End of Epoch 722: Avg. Train Loss: 0.0011, Avg. Train Accuracy: 99.96%
End of Epoch 722: Avg. Val Loss: 0.1320, Avg. Val Accuracy: 98.42%
End of Epoch 723: Avg. Train Loss: 0.0011, Avg. Train Accuracy: 99.96%
End of Epoch 723: Avg. Val Loss: 0.1377, Avg. Val Accuracy: 98.47%
End of Epoch 724: Avg. Train Loss: 0.0011, Avg. Train Accuracy: 99.96%
End of Epoch 724: Avg. Val Loss: 0.1513, Avg. Val Accuracy: 98.27%
End of Epoch 725: Avg. Train Loss: 0.0012, Avg. Train Accuracy: 99.96%
End of Epoch 725: Avg. Val Loss: 0.1328, Avg. Val Accuracy: 98.41%
End of Epoch 726: Avg. Train Loss: 0.0039, Avg. Train Accuracy: 99.91%
End of Epoch 726: Avg. Val Loss: 0.1266, Avg. Val Accuracy: 98.27%
End of Epoch 727: Avg. Train Loss: 0.0024, Avg. Train Accuracy: 99.93%
End of Epoch 727: Avg. Val Loss: 0.1198, Avg. Val Accuracy: 98.47%
End of Epoch 728: Avg. Train Loss: 0.0013, Avg. Train Accuracy: 99.96%
End of Epoch 728: Avg. Val Loss: 0.1082, Avg. Val Accuracy: 98.62%
End of Epoch 729: Avg. Train Loss: 0.0013, Avg. Train Accuracy: 99.96%
End of Epoch 729: Avg. Val Loss: 0.1293, Avg. Val Accuracy: 98.62%
End of Epoch 730: Avg. Train Loss: 0.0012, Avg. Train Accuracy: 99.96%
End of Epoch 730: Avg. Val Loss: 0.1262, Avg. Val Accuracy: 98.32%
End of Epoch 731: Avg. Train Loss: 0.0013, Avg. Train Accuracy: 99.96%
End of Epoch 731: Avg. Val Loss: 0.1244, Avg. Val Accuracy: 98.41%
End of Epoch 732: Avg. Train Loss: 0.0011, Avg. Train Accuracy: 99.96%
End of Epoch 732: Avg. Val Loss: 0.1417, Avg. Val Accuracy: 98.46%
End of Epoch 733: Avg. Train Loss: 0.0011, Avg. Train Accuracy: 99.96%
End of Epoch 733: Avg. Val Loss: 0.1398, Avg. Val Accuracy: 98.43%
End of Epoch 734: Avg. Train Loss: 0.0018, Avg. Train Accuracy: 99.95%
End of Epoch 734: Avg. Val Loss: 0.1292, Avg. Val Accuracy: 98.30%
End of Epoch 735: Avg. Train Loss: 0.0014, Avg. Train Accuracy: 99.96%
End of Epoch 735: Avg. Val Loss: 0.1237, Avg. Val Accuracy: 98.49%
End of Epoch 736: Avg. Train Loss: 0.0010, Avg. Train Accuracy: 99.97%
End of Epoch 736: Avg. Val Loss: 0.1421, Avg. Val Accuracy: 98.54%
End of Epoch 737: Avg. Train Loss: 0.0013, Avg. Train Accuracy: 99.96%
End of Epoch 737: Avg. Val Loss: 0.1497, Avg. Val Accuracy: 98.42%
End of Epoch 738: Avg. Train Loss: 0.0012, Avg. Train Accuracy: 99.96%
End of Epoch 738: Avg. Val Loss: 0.1303, Avg. Val Accuracy: 98.41%
End of Epoch 739: Avg. Train Loss: 0.0010, Avg. Train Accuracy: 99.96%
End of Epoch 739: Avg. Val Loss: 0.1375, Avg. Val Accuracy: 98.36%
End of Epoch 740: Avg. Train Loss: 0.0013, Avg. Train Accuracy: 99.96%
End of Epoch 740: Avg. Val Loss: 0.1409, Avg. Val Accuracy: 98.46%
End of Epoch 741: Avg. Train Loss: 0.0015, Avg. Train Accuracy: 99.95%
End of Epoch 741: Avg. Val Loss: 0.1262, Avg. Val Accuracy: 98.53%
End of Epoch 742: Avg. Train Loss: 0.0011, Avg. Train Accuracy: 99.96%
End of Epoch 742: Avg. Val Loss: 0.1372, Avg. Val Accuracy: 98.66%
End of Epoch 743: Avg. Train Loss: 0.0015, Avg. Train Accuracy: 99.95%
End of Epoch 743: Avg. Val Loss: 0.1483, Avg. Val Accuracy: 98.50%
End of Epoch 744: Avg. Train Loss: 0.0020, Avg. Train Accuracy: 99.94%
End of Epoch 744: Avg. Val Loss: 0.1359, Avg. Val Accuracy: 98.57%
End of Epoch 745: Avg. Train Loss: 0.0024, Avg. Train Accuracy: 99.94%
End of Epoch 745: Avg. Val Loss: 0.1422, Avg. Val Accuracy: 98.39%
End of Epoch 746: Avg. Train Loss: 0.0021, Avg. Train Accuracy: 99.94%
End of Epoch 746: Avg. Val Loss: 0.1380, Avg. Val Accuracy: 98.58%
End of Epoch 747: Avg. Train Loss: 0.0015, Avg. Train Accuracy: 99.95%
End of Epoch 747: Avg. Val Loss: 0.1310, Avg. Val Accuracy: 98.39%
End of Epoch 748: Avg. Train Loss: 0.0012, Avg. Train Accuracy: 99.96%
End of Epoch 748: Avg. Val Loss: 0.1436, Avg. Val Accuracy: 98.46%
End of Epoch 749: Avg. Train Loss: 0.0009, Avg. Train Accuracy: 99.97%
End of Epoch 749: Avg. Val Loss: 0.1406, Avg. Val Accuracy: 98.46%
End of Epoch 750: Avg. Train Loss: 0.0012, Avg. Train Accuracy: 99.96%
End of Epoch 750: Avg. Val Loss: 0.1354, Avg. Val Accuracy: 98.43%
End of Epoch 751: Avg. Train Loss: 0.0013, Avg. Train Accuracy: 99.96%
End of Epoch 751: Avg. Val Loss: 0.1366, Avg. Val Accuracy: 98.50%
End of Epoch 752: Avg. Train Loss: 0.0022, Avg. Train Accuracy: 99.94%
End of Epoch 752: Avg. Val Loss: 0.1621, Avg. Val Accuracy: 98.30%
End of Epoch 753: Avg. Train Loss: 0.0022, Avg. Train Accuracy: 99.94%
End of Epoch 753: Avg. Val Loss: 0.1398, Avg. Val Accuracy: 98.15%
End of Epoch 754: Avg. Train Loss: 0.0018, Avg. Train Accuracy: 99.95%
End of Epoch 754: Avg. Val Loss: 0.1328, Avg. Val Accuracy: 98.30%
End of Epoch 755: Avg. Train Loss: 0.0010, Avg. Train Accuracy: 99.97%
End of Epoch 755: Avg. Val Loss: 0.1196, Avg. Val Accuracy: 98.54%
End of Epoch 756: Avg. Train Loss: 0.0008, Avg. Train Accuracy: 99.97%
End of Epoch 756: Avg. Val Loss: 0.1424, Avg. Val Accuracy: 98.32%
End of Epoch 757: Avg. Train Loss: 0.0012, Avg. Train Accuracy: 99.96%
End of Epoch 757: Avg. Val Loss: 0.1295, Avg. Val Accuracy: 98.47%
End of Epoch 758: Avg. Train Loss: 0.0010, Avg. Train Accuracy: 99.96%
End of Epoch 758: Avg. Val Loss: 0.1474, Avg. Val Accuracy: 98.57%
End of Epoch 759: Avg. Train Loss: 0.0008, Avg. Train Accuracy: 99.97%
End of Epoch 759: Avg. Val Loss: 0.1481, Avg. Val Accuracy: 98.58%
End of Epoch 760: Avg. Train Loss: 0.0010, Avg. Train Accuracy: 99.97%
End of Epoch 760: Avg. Val Loss: 0.1535, Avg. Val Accuracy: 98.50%
End of Epoch 761: Avg. Train Loss: 0.0015, Avg. Train Accuracy: 99.95%
End of Epoch 761: Avg. Val Loss: 0.1338, Avg. Val Accuracy: 98.70%
End of Epoch 762: Avg. Train Loss: 0.0013, Avg. Train Accuracy: 99.96%
End of Epoch 762: Avg. Val Loss: 0.1432, Avg. Val Accuracy: 98.49%
End of Epoch 763: Avg. Train Loss: 0.0015, Avg. Train Accuracy: 99.95%
End of Epoch 763: Avg. Val Loss: 0.1505, Avg. Val Accuracy: 98.46%
End of Epoch 764: Avg. Train Loss: 0.0016, Avg. Train Accuracy: 99.95%
End of Epoch 764: Avg. Val Loss: 0.1472, Avg. Val Accuracy: 98.42%
End of Epoch 765: Avg. Train Loss: 0.0014, Avg. Train Accuracy: 99.96%
End of Epoch 765: Avg. Val Loss: 0.1458, Avg. Val Accuracy: 98.39%
End of Epoch 766: Avg. Train Loss: 0.0010, Avg. Train Accuracy: 99.97%
End of Epoch 766: Avg. Val Loss: 0.1684, Avg. Val Accuracy: 98.39%
End of Epoch 767: Avg. Train Loss: 0.0011, Avg. Train Accuracy: 99.97%
End of Epoch 767: Avg. Val Loss: 0.1483, Avg. Val Accuracy: 98.53%
End of Epoch 768: Avg. Train Loss: 0.0012, Avg. Train Accuracy: 99.96%
End of Epoch 768: Avg. Val Loss: 0.1563, Avg. Val Accuracy: 98.49%
End of Epoch 769: Avg. Train Loss: 0.0013, Avg. Train Accuracy: 99.96%
End of Epoch 769: Avg. Val Loss: 0.1545, Avg. Val Accuracy: 98.42%
End of Epoch 770: Avg. Train Loss: 0.0011, Avg. Train Accuracy: 99.96%
End of Epoch 770: Avg. Val Loss: 0.1427, Avg. Val Accuracy: 98.66%
End of Epoch 771: Avg. Train Loss: 0.0015, Avg. Train Accuracy: 99.95%
End of Epoch 771: Avg. Val Loss: 0.1265, Avg. Val Accuracy: 98.55%
End of Epoch 772: Avg. Train Loss: 0.0023, Avg. Train Accuracy: 99.94%
End of Epoch 772: Avg. Val Loss: 0.1152, Avg. Val Accuracy: 98.49%
End of Epoch 773: Avg. Train Loss: 0.0012, Avg. Train Accuracy: 99.96%
End of Epoch 773: Avg. Val Loss: 0.1345, Avg. Val Accuracy: 98.50%
End of Epoch 774: Avg. Train Loss: 0.0015, Avg. Train Accuracy: 99.96%
End of Epoch 774: Avg. Val Loss: 0.1533, Avg. Val Accuracy: 98.30%
End of Epoch 775: Avg. Train Loss: 0.0013, Avg. Train Accuracy: 99.96%
End of Epoch 775: Avg. Val Loss: 0.1238, Avg. Val Accuracy: 98.50%
End of Epoch 776: Avg. Train Loss: 0.0010, Avg. Train Accuracy: 99.97%
End of Epoch 776: Avg. Val Loss: 0.1430, Avg. Val Accuracy: 98.55%
End of Epoch 777: Avg. Train Loss: 0.0019, Avg. Train Accuracy: 99.94%
End of Epoch 777: Avg. Val Loss: 0.1495, Avg. Val Accuracy: 98.28%
End of Epoch 778: Avg. Train Loss: 0.0012, Avg. Train Accuracy: 99.96%
End of Epoch 778: Avg. Val Loss: 0.1348, Avg. Val Accuracy: 98.43%
End of Epoch 779: Avg. Train Loss: 0.0013, Avg. Train Accuracy: 99.96%
End of Epoch 779: Avg. Val Loss: 0.1608, Avg. Val Accuracy: 98.38%
End of Epoch 780: Avg. Train Loss: 0.0022, Avg. Train Accuracy: 99.94%
End of Epoch 780: Avg. Val Loss: 0.1345, Avg. Val Accuracy: 98.49%
End of Epoch 781: Avg. Train Loss: 0.0016, Avg. Train Accuracy: 99.95%
End of Epoch 781: Avg. Val Loss: 0.1338, Avg. Val Accuracy: 98.50%
End of Epoch 782: Avg. Train Loss: 0.0012, Avg. Train Accuracy: 99.96%
End of Epoch 782: Avg. Val Loss: 0.1446, Avg. Val Accuracy: 98.59%
End of Epoch 783: Avg. Train Loss: 0.0009, Avg. Train Accuracy: 99.97%
End of Epoch 783: Avg. Val Loss: 0.1424, Avg. Val Accuracy: 98.57%
End of Epoch 784: Avg. Train Loss: 0.0008, Avg. Train Accuracy: 99.97%
End of Epoch 784: Avg. Val Loss: 0.1488, Avg. Val Accuracy: 98.55%
End of Epoch 785: Avg. Train Loss: 0.0015, Avg. Train Accuracy: 99.95%
End of Epoch 785: Avg. Val Loss: 0.1408, Avg. Val Accuracy: 98.27%
End of Epoch 786: Avg. Train Loss: 0.0019, Avg. Train Accuracy: 99.95%
End of Epoch 786: Avg. Val Loss: 0.1435, Avg. Val Accuracy: 98.12%
End of Epoch 787: Avg. Train Loss: 0.0014, Avg. Train Accuracy: 99.96%
End of Epoch 787: Avg. Val Loss: 0.1339, Avg. Val Accuracy: 98.42%
End of Epoch 788: Avg. Train Loss: 0.0022, Avg. Train Accuracy: 99.94%
End of Epoch 788: Avg. Val Loss: 0.1164, Avg. Val Accuracy: 98.51%
End of Epoch 789: Avg. Train Loss: 0.0013, Avg. Train Accuracy: 99.96%
End of Epoch 789: Avg. Val Loss: 0.1118, Avg. Val Accuracy: 98.53%
End of Epoch 790: Avg. Train Loss: 0.0009, Avg. Train Accuracy: 99.97%
End of Epoch 790: Avg. Val Loss: 0.1509, Avg. Val Accuracy: 98.46%
End of Epoch 791: Avg. Train Loss: 0.0011, Avg. Train Accuracy: 99.96%
End of Epoch 791: Avg. Val Loss: 0.1536, Avg. Val Accuracy: 98.55%
End of Epoch 792: Avg. Train Loss: 0.0011, Avg. Train Accuracy: 99.96%
End of Epoch 792: Avg. Val Loss: 0.1369, Avg. Val Accuracy: 98.45%
End of Epoch 793: Avg. Train Loss: 0.0012, Avg. Train Accuracy: 99.96%
End of Epoch 793: Avg. Val Loss: 0.1345, Avg. Val Accuracy: 98.49%
End of Epoch 794: Avg. Train Loss: 0.0020, Avg. Train Accuracy: 99.94%
End of Epoch 794: Avg. Val Loss: 0.1302, Avg. Val Accuracy: 98.41%
End of Epoch 795: Avg. Train Loss: 0.0019, Avg. Train Accuracy: 99.95%
End of Epoch 795: Avg. Val Loss: 0.1412, Avg. Val Accuracy: 98.57%
End of Epoch 796: Avg. Train Loss: 0.0014, Avg. Train Accuracy: 99.95%
End of Epoch 796: Avg. Val Loss: 0.1507, Avg. Val Accuracy: 98.32%
End of Epoch 797: Avg. Train Loss: 0.0011, Avg. Train Accuracy: 99.97%
End of Epoch 797: Avg. Val Loss: 0.1409, Avg. Val Accuracy: 98.39%
End of Epoch 798: Avg. Train Loss: 0.0009, Avg. Train Accuracy: 99.97%
End of Epoch 798: Avg. Val Loss: 0.1427, Avg. Val Accuracy: 98.59%
End of Epoch 799: Avg. Train Loss: 0.0008, Avg. Train Accuracy: 99.97%
End of Epoch 799: Avg. Val Loss: 0.1462, Avg. Val Accuracy: 98.47%
End of Epoch 800: Avg. Train Loss: 0.0010, Avg. Train Accuracy: 99.97%
End of Epoch 800: Avg. Val Loss: 0.1508, Avg. Val Accuracy: 98.55%
End of Epoch 801: Avg. Train Loss: 0.0013, Avg. Train Accuracy: 99.96%
End of Epoch 801: Avg. Val Loss: 0.1556, Avg. Val Accuracy: 98.51%
End of Epoch 802: Avg. Train Loss: 0.0010, Avg. Train Accuracy: 99.97%
End of Epoch 802: Avg. Val Loss: 0.1481, Avg. Val Accuracy: 98.43%
End of Epoch 803: Avg. Train Loss: 0.0012, Avg. Train Accuracy: 99.96%
End of Epoch 803: Avg. Val Loss: 0.1660, Avg. Val Accuracy: 98.61%
End of Epoch 804: Avg. Train Loss: 0.0009, Avg. Train Accuracy: 99.97%
End of Epoch 804: Avg. Val Loss: 0.1625, Avg. Val Accuracy: 98.51%
End of Epoch 805: Avg. Train Loss: 0.0011, Avg. Train Accuracy: 99.96%
End of Epoch 805: Avg. Val Loss: 0.1598, Avg. Val Accuracy: 98.32%
End of Epoch 806: Avg. Train Loss: 0.0037, Avg. Train Accuracy: 99.92%
End of Epoch 806: Avg. Val Loss: 0.1438, Avg. Val Accuracy: 98.39%
End of Epoch 807: Avg. Train Loss: 0.0023, Avg. Train Accuracy: 99.94%
End of Epoch 807: Avg. Val Loss: 0.1340, Avg. Val Accuracy: 98.58%
End of Epoch 808: Avg. Train Loss: 0.0021, Avg. Train Accuracy: 99.94%
End of Epoch 808: Avg. Val Loss: 0.1262, Avg. Val Accuracy: 98.57%
End of Epoch 809: Avg. Train Loss: 0.0013, Avg. Train Accuracy: 99.96%
End of Epoch 809: Avg. Val Loss: 0.1335, Avg. Val Accuracy: 98.57%
End of Epoch 810: Avg. Train Loss: 0.0010, Avg. Train Accuracy: 99.97%
End of Epoch 810: Avg. Val Loss: 0.1275, Avg. Val Accuracy: 98.47%
End of Epoch 811: Avg. Train Loss: 0.0007, Avg. Train Accuracy: 99.98%
End of Epoch 811: Avg. Val Loss: 0.1299, Avg. Val Accuracy: 98.58%
End of Epoch 812: Avg. Train Loss: 0.0007, Avg. Train Accuracy: 99.97%
End of Epoch 812: Avg. Val Loss: 0.1513, Avg. Val Accuracy: 98.36%
End of Epoch 813: Avg. Train Loss: 0.0013, Avg. Train Accuracy: 99.96%
End of Epoch 813: Avg. Val Loss: 0.1239, Avg. Val Accuracy: 98.47%
End of Epoch 814: Avg. Train Loss: 0.0010, Avg. Train Accuracy: 99.97%
End of Epoch 814: Avg. Val Loss: 0.1446, Avg. Val Accuracy: 98.55%
End of Epoch 815: Avg. Train Loss: 0.0011, Avg. Train Accuracy: 99.96%
End of Epoch 815: Avg. Val Loss: 0.1343, Avg. Val Accuracy: 98.27%
End of Epoch 816: Avg. Train Loss: 0.0012, Avg. Train Accuracy: 99.96%
End of Epoch 816: Avg. Val Loss: 0.1402, Avg. Val Accuracy: 98.54%
End of Epoch 817: Avg. Train Loss: 0.0011, Avg. Train Accuracy: 99.97%
End of Epoch 817: Avg. Val Loss: 0.1294, Avg. Val Accuracy: 98.64%
End of Epoch 818: Avg. Train Loss: 0.0013, Avg. Train Accuracy: 99.96%
End of Epoch 818: Avg. Val Loss: 0.1448, Avg. Val Accuracy: 98.54%
End of Epoch 819: Avg. Train Loss: 0.0012, Avg. Train Accuracy: 99.96%
End of Epoch 819: Avg. Val Loss: 0.1450, Avg. Val Accuracy: 98.53%
End of Epoch 820: Avg. Train Loss: 0.0016, Avg. Train Accuracy: 99.96%
End of Epoch 820: Avg. Val Loss: 0.1530, Avg. Val Accuracy: 98.20%
End of Epoch 821: Avg. Train Loss: 0.0018, Avg. Train Accuracy: 99.95%
End of Epoch 821: Avg. Val Loss: 0.1221, Avg. Val Accuracy: 98.62%
End of Epoch 822: Avg. Train Loss: 0.0010, Avg. Train Accuracy: 99.97%
End of Epoch 822: Avg. Val Loss: 0.1287, Avg. Val Accuracy: 98.45%
End of Epoch 823: Avg. Train Loss: 0.0009, Avg. Train Accuracy: 99.97%
End of Epoch 823: Avg. Val Loss: 0.1304, Avg. Val Accuracy: 98.55%
End of Epoch 824: Avg. Train Loss: 0.0011, Avg. Train Accuracy: 99.96%
End of Epoch 824: Avg. Val Loss: 0.1372, Avg. Val Accuracy: 98.27%
End of Epoch 825: Avg. Train Loss: 0.0018, Avg. Train Accuracy: 99.95%
End of Epoch 825: Avg. Val Loss: 0.1505, Avg. Val Accuracy: 98.42%
End of Epoch 826: Avg. Train Loss: 0.0021, Avg. Train Accuracy: 99.95%
End of Epoch 826: Avg. Val Loss: 0.1443, Avg. Val Accuracy: 98.18%
End of Epoch 827: Avg. Train Loss: 0.0015, Avg. Train Accuracy: 99.95%
End of Epoch 827: Avg. Val Loss: 0.1256, Avg. Val Accuracy: 98.18%
End of Epoch 828: Avg. Train Loss: 0.0012, Avg. Train Accuracy: 99.96%
End of Epoch 828: Avg. Val Loss: 0.1288, Avg. Val Accuracy: 98.39%
End of Epoch 829: Avg. Train Loss: 0.0013, Avg. Train Accuracy: 99.96%
End of Epoch 829: Avg. Val Loss: 0.1278, Avg. Val Accuracy: 98.35%
End of Epoch 830: Avg. Train Loss: 0.0013, Avg. Train Accuracy: 99.96%
End of Epoch 830: Avg. Val Loss: 0.1565, Avg. Val Accuracy: 98.24%
End of Epoch 831: Avg. Train Loss: 0.0011, Avg. Train Accuracy: 99.96%
End of Epoch 831: Avg. Val Loss: 0.1349, Avg. Val Accuracy: 98.36%
End of Epoch 832: Avg. Train Loss: 0.0011, Avg. Train Accuracy: 99.97%
End of Epoch 832: Avg. Val Loss: 0.1405, Avg. Val Accuracy: 98.36%
End of Epoch 833: Avg. Train Loss: 0.0010, Avg. Train Accuracy: 99.97%
End of Epoch 833: Avg. Val Loss: 0.1588, Avg. Val Accuracy: 98.39%
End of Epoch 834: Avg. Train Loss: 0.0011, Avg. Train Accuracy: 99.97%
End of Epoch 834: Avg. Val Loss: 0.1410, Avg. Val Accuracy: 98.14%
End of Epoch 835: Avg. Train Loss: 0.0008, Avg. Train Accuracy: 99.97%
End of Epoch 835: Avg. Val Loss: 0.1509, Avg. Val Accuracy: 98.51%
End of Epoch 836: Avg. Train Loss: 0.0009, Avg. Train Accuracy: 99.97%
End of Epoch 836: Avg. Val Loss: 0.1331, Avg. Val Accuracy: 98.43%
End of Epoch 837: Avg. Train Loss: 0.0015, Avg. Train Accuracy: 99.96%
End of Epoch 837: Avg. Val Loss: 0.1463, Avg. Val Accuracy: 98.57%
End of Epoch 838: Avg. Train Loss: 0.0011, Avg. Train Accuracy: 99.96%
End of Epoch 838: Avg. Val Loss: 0.1575, Avg. Val Accuracy: 98.41%
End of Epoch 839: Avg. Train Loss: 0.0014, Avg. Train Accuracy: 99.96%
End of Epoch 839: Avg. Val Loss: 0.1377, Avg. Val Accuracy: 98.45%
End of Epoch 840: Avg. Train Loss: 0.0027, Avg. Train Accuracy: 99.93%
End of Epoch 840: Avg. Val Loss: 0.1497, Avg. Val Accuracy: 98.15%
End of Epoch 841: Avg. Train Loss: 0.0017, Avg. Train Accuracy: 99.95%
End of Epoch 841: Avg. Val Loss: 0.1321, Avg. Val Accuracy: 98.55%
End of Epoch 842: Avg. Train Loss: 0.0010, Avg. Train Accuracy: 99.97%
End of Epoch 842: Avg. Val Loss: 0.1274, Avg. Val Accuracy: 98.54%
End of Epoch 843: Avg. Train Loss: 0.0029, Avg. Train Accuracy: 99.93%
End of Epoch 843: Avg. Val Loss: 0.1243, Avg. Val Accuracy: 98.23%
End of Epoch 844: Avg. Train Loss: 0.0017, Avg. Train Accuracy: 99.95%
End of Epoch 844: Avg. Val Loss: 0.1137, Avg. Val Accuracy: 98.51%
End of Epoch 845: Avg. Train Loss: 0.0013, Avg. Train Accuracy: 99.95%
End of Epoch 845: Avg. Val Loss: 0.1268, Avg. Val Accuracy: 98.58%
End of Epoch 846: Avg. Train Loss: 0.0009, Avg. Train Accuracy: 99.97%
End of Epoch 846: Avg. Val Loss: 0.1332, Avg. Val Accuracy: 98.59%
End of Epoch 847: Avg. Train Loss: 0.0007, Avg. Train Accuracy: 99.98%
End of Epoch 847: Avg. Val Loss: 0.1321, Avg. Val Accuracy: 98.47%
End of Epoch 848: Avg. Train Loss: 0.0007, Avg. Train Accuracy: 99.98%
End of Epoch 848: Avg. Val Loss: 0.1445, Avg. Val Accuracy: 98.62%
End of Epoch 849: Avg. Train Loss: 0.0007, Avg. Train Accuracy: 99.97%
End of Epoch 849: Avg. Val Loss: 0.1601, Avg. Val Accuracy: 98.38%
End of Epoch 850: Avg. Train Loss: 0.0012, Avg. Train Accuracy: 99.96%
End of Epoch 850: Avg. Val Loss: 0.1512, Avg. Val Accuracy: 98.47%
End of Epoch 851: Avg. Train Loss: 0.0012, Avg. Train Accuracy: 99.96%
End of Epoch 851: Avg. Val Loss: 0.1619, Avg. Val Accuracy: 98.43%
End of Epoch 852: Avg. Train Loss: 0.0011, Avg. Train Accuracy: 99.96%
End of Epoch 852: Avg. Val Loss: 0.1607, Avg. Val Accuracy: 98.43%
End of Epoch 853: Avg. Train Loss: 0.0010, Avg. Train Accuracy: 99.96%
End of Epoch 853: Avg. Val Loss: 0.1565, Avg. Val Accuracy: 98.42%
End of Epoch 854: Avg. Train Loss: 0.0010, Avg. Train Accuracy: 99.97%
End of Epoch 854: Avg. Val Loss: 0.1443, Avg. Val Accuracy: 98.58%
End of Epoch 855: Avg. Train Loss: 0.0010, Avg. Train Accuracy: 99.97%
End of Epoch 855: Avg. Val Loss: 0.1698, Avg. Val Accuracy: 98.57%
End of Epoch 856: Avg. Train Loss: 0.0018, Avg. Train Accuracy: 99.95%
End of Epoch 856: Avg. Val Loss: 0.1338, Avg. Val Accuracy: 98.38%
End of Epoch 857: Avg. Train Loss: 0.0011, Avg. Train Accuracy: 99.96%
End of Epoch 857: Avg. Val Loss: 0.1513, Avg. Val Accuracy: 98.34%
End of Epoch 858: Avg. Train Loss: 0.0014, Avg. Train Accuracy: 99.95%
End of Epoch 858: Avg. Val Loss: 0.1506, Avg. Val Accuracy: 98.24%
End of Epoch 859: Avg. Train Loss: 0.0030, Avg. Train Accuracy: 99.93%
End of Epoch 859: Avg. Val Loss: 0.1266, Avg. Val Accuracy: 98.41%
End of Epoch 860: Avg. Train Loss: 0.0012, Avg. Train Accuracy: 99.96%
End of Epoch 860: Avg. Val Loss: 0.1439, Avg. Val Accuracy: 98.43%
End of Epoch 861: Avg. Train Loss: 0.0016, Avg. Train Accuracy: 99.96%
End of Epoch 861: Avg. Val Loss: 0.1512, Avg. Val Accuracy: 98.28%
End of Epoch 862: Avg. Train Loss: 0.0010, Avg. Train Accuracy: 99.97%
End of Epoch 862: Avg. Val Loss: 0.1569, Avg. Val Accuracy: 98.32%
End of Epoch 863: Avg. Train Loss: 0.0008, Avg. Train Accuracy: 99.97%
End of Epoch 863: Avg. Val Loss: 0.1466, Avg. Val Accuracy: 98.62%
End of Epoch 864: Avg. Train Loss: 0.0009, Avg. Train Accuracy: 99.97%
End of Epoch 864: Avg. Val Loss: 0.1551, Avg. Val Accuracy: 98.45%
End of Epoch 865: Avg. Train Loss: 0.0011, Avg. Train Accuracy: 99.97%
End of Epoch 865: Avg. Val Loss: 0.1756, Avg. Val Accuracy: 98.30%
End of Epoch 866: Avg. Train Loss: 0.0026, Avg. Train Accuracy: 99.93%
End of Epoch 866: Avg. Val Loss: 0.1425, Avg. Val Accuracy: 98.45%
End of Epoch 867: Avg. Train Loss: 0.0021, Avg. Train Accuracy: 99.94%
End of Epoch 867: Avg. Val Loss: 0.1297, Avg. Val Accuracy: 98.68%
End of Epoch 868: Avg. Train Loss: 0.0011, Avg. Train Accuracy: 99.96%
End of Epoch 868: Avg. Val Loss: 0.1531, Avg. Val Accuracy: 98.59%
End of Epoch 869: Avg. Train Loss: 0.0009, Avg. Train Accuracy: 99.97%
End of Epoch 869: Avg. Val Loss: 0.1487, Avg. Val Accuracy: 98.24%
End of Epoch 870: Avg. Train Loss: 0.0008, Avg. Train Accuracy: 99.97%
End of Epoch 870: Avg. Val Loss: 0.1609, Avg. Val Accuracy: 98.57%
End of Epoch 871: Avg. Train Loss: 0.0008, Avg. Train Accuracy: 99.97%
End of Epoch 871: Avg. Val Loss: 0.1566, Avg. Val Accuracy: 98.70%
End of Epoch 872: Avg. Train Loss: 0.0010, Avg. Train Accuracy: 99.97%
End of Epoch 872: Avg. Val Loss: 0.1637, Avg. Val Accuracy: 98.49%
End of Epoch 873: Avg. Train Loss: 0.0009, Avg. Train Accuracy: 99.97%
End of Epoch 873: Avg. Val Loss: 0.1653, Avg. Val Accuracy: 98.28%
End of Epoch 874: Avg. Train Loss: 0.0017, Avg. Train Accuracy: 99.95%
End of Epoch 874: Avg. Val Loss: 0.1503, Avg. Val Accuracy: 98.39%
End of Epoch 875: Avg. Train Loss: 0.0018, Avg. Train Accuracy: 99.95%
End of Epoch 875: Avg. Val Loss: 0.1471, Avg. Val Accuracy: 98.41%
End of Epoch 876: Avg. Train Loss: 0.0012, Avg. Train Accuracy: 99.96%
End of Epoch 876: Avg. Val Loss: 0.1473, Avg. Val Accuracy: 98.51%
End of Epoch 877: Avg. Train Loss: 0.0011, Avg. Train Accuracy: 99.97%
End of Epoch 877: Avg. Val Loss: 0.1443, Avg. Val Accuracy: 98.53%
End of Epoch 878: Avg. Train Loss: 0.0023, Avg. Train Accuracy: 99.94%
End of Epoch 878: Avg. Val Loss: 0.1368, Avg. Val Accuracy: 98.31%
End of Epoch 879: Avg. Train Loss: 0.0021, Avg. Train Accuracy: 99.94%
End of Epoch 879: Avg. Val Loss: 0.1746, Avg. Val Accuracy: 98.53%
End of Epoch 880: Avg. Train Loss: 0.0011, Avg. Train Accuracy: 99.96%
End of Epoch 880: Avg. Val Loss: 0.1501, Avg. Val Accuracy: 98.62%
End of Epoch 881: Avg. Train Loss: 0.0011, Avg. Train Accuracy: 99.96%
End of Epoch 881: Avg. Val Loss: 0.1355, Avg. Val Accuracy: 98.61%
End of Epoch 882: Avg. Train Loss: 0.0007, Avg. Train Accuracy: 99.98%
End of Epoch 882: Avg. Val Loss: 0.1431, Avg. Val Accuracy: 98.49%
End of Epoch 883: Avg. Train Loss: 0.0010, Avg. Train Accuracy: 99.97%
End of Epoch 883: Avg. Val Loss: 0.1510, Avg. Val Accuracy: 98.55%
End of Epoch 884: Avg. Train Loss: 0.0008, Avg. Train Accuracy: 99.97%
End of Epoch 884: Avg. Val Loss: 0.1645, Avg. Val Accuracy: 98.45%
End of Epoch 885: Avg. Train Loss: 0.0009, Avg. Train Accuracy: 99.97%
End of Epoch 885: Avg. Val Loss: 0.1523, Avg. Val Accuracy: 98.61%
End of Epoch 886: Avg. Train Loss: 0.0008, Avg. Train Accuracy: 99.97%
End of Epoch 886: Avg. Val Loss: 0.1640, Avg. Val Accuracy: 98.53%
End of Epoch 887: Avg. Train Loss: 0.0009, Avg. Train Accuracy: 99.97%
End of Epoch 887: Avg. Val Loss: 0.1539, Avg. Val Accuracy: 98.39%
End of Epoch 888: Avg. Train Loss: 0.0016, Avg. Train Accuracy: 99.95%
End of Epoch 888: Avg. Val Loss: 0.1587, Avg. Val Accuracy: 98.47%
End of Epoch 889: Avg. Train Loss: 0.0020, Avg. Train Accuracy: 99.94%
End of Epoch 889: Avg. Val Loss: 0.1247, Avg. Val Accuracy: 98.43%
End of Epoch 890: Avg. Train Loss: 0.0012, Avg. Train Accuracy: 99.96%
End of Epoch 890: Avg. Val Loss: 0.1439, Avg. Val Accuracy: 98.43%
End of Epoch 891: Avg. Train Loss: 0.0009, Avg. Train Accuracy: 99.97%
End of Epoch 891: Avg. Val Loss: 0.1557, Avg. Val Accuracy: 98.38%
End of Epoch 892: Avg. Train Loss: 0.0015, Avg. Train Accuracy: 99.96%
End of Epoch 892: Avg. Val Loss: 0.1549, Avg. Val Accuracy: 98.43%
End of Epoch 893: Avg. Train Loss: 0.0018, Avg. Train Accuracy: 99.95%
End of Epoch 893: Avg. Val Loss: 0.1689, Avg. Val Accuracy: 98.35%
End of Epoch 894: Avg. Train Loss: 0.0021, Avg. Train Accuracy: 99.94%
End of Epoch 894: Avg. Val Loss: 0.1500, Avg. Val Accuracy: 98.59%
End of Epoch 895: Avg. Train Loss: 0.0012, Avg. Train Accuracy: 99.96%
End of Epoch 895: Avg. Val Loss: 0.1436, Avg. Val Accuracy: 98.55%
End of Epoch 896: Avg. Train Loss: 0.0012, Avg. Train Accuracy: 99.96%
End of Epoch 896: Avg. Val Loss: 0.1391, Avg. Val Accuracy: 98.50%
End of Epoch 897: Avg. Train Loss: 0.0010, Avg. Train Accuracy: 99.97%
End of Epoch 897: Avg. Val Loss: 0.1565, Avg. Val Accuracy: 98.59%
End of Epoch 898: Avg. Train Loss: 0.0008, Avg. Train Accuracy: 99.97%
End of Epoch 898: Avg. Val Loss: 0.1572, Avg. Val Accuracy: 98.61%
End of Epoch 899: Avg. Train Loss: 0.0008, Avg. Train Accuracy: 99.97%
End of Epoch 899: Avg. Val Loss: 0.1667, Avg. Val Accuracy: 98.58%
End of Epoch 900: Avg. Train Loss: 0.0014, Avg. Train Accuracy: 99.96%
End of Epoch 900: Avg. Val Loss: 0.1791, Avg. Val Accuracy: 98.11%
End of Epoch 901: Avg. Train Loss: 0.0011, Avg. Train Accuracy: 99.96%
End of Epoch 901: Avg. Val Loss: 0.1546, Avg. Val Accuracy: 98.46%
End of Epoch 902: Avg. Train Loss: 0.0017, Avg. Train Accuracy: 99.95%
End of Epoch 902: Avg. Val Loss: 0.1628, Avg. Val Accuracy: 98.45%
End of Epoch 903: Avg. Train Loss: 0.0016, Avg. Train Accuracy: 99.95%
End of Epoch 903: Avg. Val Loss: 0.1533, Avg. Val Accuracy: 98.57%
End of Epoch 904: Avg. Train Loss: 0.0011, Avg. Train Accuracy: 99.96%
End of Epoch 904: Avg. Val Loss: 0.1663, Avg. Val Accuracy: 98.45%
End of Epoch 905: Avg. Train Loss: 0.0007, Avg. Train Accuracy: 99.97%
End of Epoch 905: Avg. Val Loss: 0.1704, Avg. Val Accuracy: 98.53%
End of Epoch 906: Avg. Train Loss: 0.0010, Avg. Train Accuracy: 99.97%
End of Epoch 906: Avg. Val Loss: 0.1602, Avg. Val Accuracy: 98.55%
End of Epoch 907: Avg. Train Loss: 0.0008, Avg. Train Accuracy: 99.97%
End of Epoch 907: Avg. Val Loss: 0.1780, Avg. Val Accuracy: 98.39%
End of Epoch 908: Avg. Train Loss: 0.0011, Avg. Train Accuracy: 99.96%
End of Epoch 908: Avg. Val Loss: 0.1916, Avg. Val Accuracy: 98.39%
End of Epoch 909: Avg. Train Loss: 0.0011, Avg. Train Accuracy: 99.97%
End of Epoch 909: Avg. Val Loss: 0.1756, Avg. Val Accuracy: 98.43%
End of Epoch 910: Avg. Train Loss: 0.0016, Avg. Train Accuracy: 99.96%
End of Epoch 910: Avg. Val Loss: 0.1678, Avg. Val Accuracy: 98.46%
End of Epoch 911: Avg. Train Loss: 0.0018, Avg. Train Accuracy: 99.95%
End of Epoch 911: Avg. Val Loss: 0.1520, Avg. Val Accuracy: 98.46%
End of Epoch 912: Avg. Train Loss: 0.0030, Avg. Train Accuracy: 99.93%
End of Epoch 912: Avg. Val Loss: 0.1187, Avg. Val Accuracy: 98.55%
End of Epoch 913: Avg. Train Loss: 0.0015, Avg. Train Accuracy: 99.96%
End of Epoch 913: Avg. Val Loss: 0.1579, Avg. Val Accuracy: 98.50%
End of Epoch 914: Avg. Train Loss: 0.0016, Avg. Train Accuracy: 99.95%
End of Epoch 914: Avg. Val Loss: 0.1440, Avg. Val Accuracy: 98.45%
End of Epoch 915: Avg. Train Loss: 0.0017, Avg. Train Accuracy: 99.95%
End of Epoch 915: Avg. Val Loss: 0.1420, Avg. Val Accuracy: 98.55%
End of Epoch 916: Avg. Train Loss: 0.0009, Avg. Train Accuracy: 99.97%
End of Epoch 916: Avg. Val Loss: 0.1455, Avg. Val Accuracy: 98.59%
End of Epoch 917: Avg. Train Loss: 0.0007, Avg. Train Accuracy: 99.97%
End of Epoch 917: Avg. Val Loss: 0.1560, Avg. Val Accuracy: 98.55%
End of Epoch 918: Avg. Train Loss: 0.0008, Avg. Train Accuracy: 99.97%
End of Epoch 918: Avg. Val Loss: 0.1778, Avg. Val Accuracy: 98.24%
End of Epoch 919: Avg. Train Loss: 0.0010, Avg. Train Accuracy: 99.97%
End of Epoch 919: Avg. Val Loss: 0.1716, Avg. Val Accuracy: 98.45%
End of Epoch 920: Avg. Train Loss: 0.0012, Avg. Train Accuracy: 99.96%
End of Epoch 920: Avg. Val Loss: 0.1546, Avg. Val Accuracy: 98.39%
End of Epoch 921: Avg. Train Loss: 0.0008, Avg. Train Accuracy: 99.97%
End of Epoch 921: Avg. Val Loss: 0.1555, Avg. Val Accuracy: 98.34%
End of Epoch 922: Avg. Train Loss: 0.0008, Avg. Train Accuracy: 99.97%
End of Epoch 922: Avg. Val Loss: 0.1566, Avg. Val Accuracy: 98.31%
End of Epoch 923: Avg. Train Loss: 0.0009, Avg. Train Accuracy: 99.97%
End of Epoch 923: Avg. Val Loss: 0.1679, Avg. Val Accuracy: 98.58%
End of Epoch 924: Avg. Train Loss: 0.0013, Avg. Train Accuracy: 99.96%
End of Epoch 924: Avg. Val Loss: 0.1949, Avg. Val Accuracy: 98.28%
End of Epoch 925: Avg. Train Loss: 0.0016, Avg. Train Accuracy: 99.95%
End of Epoch 925: Avg. Val Loss: 0.1801, Avg. Val Accuracy: 98.14%
End of Epoch 926: Avg. Train Loss: 0.0010, Avg. Train Accuracy: 99.97%
End of Epoch 926: Avg. Val Loss: 0.1451, Avg. Val Accuracy: 98.47%
End of Epoch 927: Avg. Train Loss: 0.0014, Avg. Train Accuracy: 99.96%
End of Epoch 927: Avg. Val Loss: 0.1657, Avg. Val Accuracy: 98.50%
End of Epoch 928: Avg. Train Loss: 0.0012, Avg. Train Accuracy: 99.96%
End of Epoch 928: Avg. Val Loss: 0.1549, Avg. Val Accuracy: 98.24%
End of Epoch 929: Avg. Train Loss: 0.0013, Avg. Train Accuracy: 99.96%
End of Epoch 929: Avg. Val Loss: 0.1665, Avg. Val Accuracy: 98.45%
End of Epoch 930: Avg. Train Loss: 0.0013, Avg. Train Accuracy: 99.96%
End of Epoch 930: Avg. Val Loss: 0.1719, Avg. Val Accuracy: 98.47%
End of Epoch 931: Avg. Train Loss: 0.0013, Avg. Train Accuracy: 99.96%
End of Epoch 931: Avg. Val Loss: 0.1470, Avg. Val Accuracy: 98.54%
End of Epoch 932: Avg. Train Loss: 0.0009, Avg. Train Accuracy: 99.97%
End of Epoch 932: Avg. Val Loss: 0.1645, Avg. Val Accuracy: 98.32%
End of Epoch 933: Avg. Train Loss: 0.0010, Avg. Train Accuracy: 99.97%
End of Epoch 933: Avg. Val Loss: 0.1619, Avg. Val Accuracy: 98.36%
End of Epoch 934: Avg. Train Loss: 0.0008, Avg. Train Accuracy: 99.97%
End of Epoch 934: Avg. Val Loss: 0.1745, Avg. Val Accuracy: 98.32%
End of Epoch 935: Avg. Train Loss: 0.0031, Avg. Train Accuracy: 99.93%
End of Epoch 935: Avg. Val Loss: 0.1476, Avg. Val Accuracy: 98.39%
End of Epoch 936: Avg. Train Loss: 0.0014, Avg. Train Accuracy: 99.96%
End of Epoch 936: Avg. Val Loss: 0.1464, Avg. Val Accuracy: 98.49%
End of Epoch 937: Avg. Train Loss: 0.0011, Avg. Train Accuracy: 99.97%
End of Epoch 937: Avg. Val Loss: 0.1402, Avg. Val Accuracy: 98.45%
End of Epoch 938: Avg. Train Loss: 0.0009, Avg. Train Accuracy: 99.97%
End of Epoch 938: Avg. Val Loss: 0.1586, Avg. Val Accuracy: 98.49%
End of Epoch 939: Avg. Train Loss: 0.0012, Avg. Train Accuracy: 99.96%
End of Epoch 939: Avg. Val Loss: 0.1630, Avg. Val Accuracy: 98.43%
End of Epoch 940: Avg. Train Loss: 0.0011, Avg. Train Accuracy: 99.97%
End of Epoch 940: Avg. Val Loss: 0.1507, Avg. Val Accuracy: 98.54%
End of Epoch 941: Avg. Train Loss: 0.0007, Avg. Train Accuracy: 99.98%
End of Epoch 941: Avg. Val Loss: 0.1528, Avg. Val Accuracy: 98.65%
End of Epoch 942: Avg. Train Loss: 0.0007, Avg. Train Accuracy: 99.97%
End of Epoch 942: Avg. Val Loss: 0.1560, Avg. Val Accuracy: 98.55%
End of Epoch 943: Avg. Train Loss: 0.0010, Avg. Train Accuracy: 99.97%
End of Epoch 943: Avg. Val Loss: 0.1539, Avg. Val Accuracy: 98.51%
End of Epoch 944: Avg. Train Loss: 0.0008, Avg. Train Accuracy: 99.97%
End of Epoch 944: Avg. Val Loss: 0.1673, Avg. Val Accuracy: 98.50%
End of Epoch 945: Avg. Train Loss: 0.0013, Avg. Train Accuracy: 99.96%
End of Epoch 945: Avg. Val Loss: 0.1498, Avg. Val Accuracy: 98.49%
End of Epoch 946: Avg. Train Loss: 0.0011, Avg. Train Accuracy: 99.96%
End of Epoch 946: Avg. Val Loss: 0.1543, Avg. Val Accuracy: 98.57%
End of Epoch 947: Avg. Train Loss: 0.0009, Avg. Train Accuracy: 99.97%
End of Epoch 947: Avg. Val Loss: 0.1613, Avg. Val Accuracy: 98.49%
End of Epoch 948: Avg. Train Loss: 0.0015, Avg. Train Accuracy: 99.96%
End of Epoch 948: Avg. Val Loss: 0.1752, Avg. Val Accuracy: 98.23%
End of Epoch 949: Avg. Train Loss: 0.0031, Avg. Train Accuracy: 99.93%
End of Epoch 949: Avg. Val Loss: 0.1289, Avg. Val Accuracy: 98.45%
End of Epoch 950: Avg. Train Loss: 0.0012, Avg. Train Accuracy: 99.96%
End of Epoch 950: Avg. Val Loss: 0.1440, Avg. Val Accuracy: 98.47%
End of Epoch 951: Avg. Train Loss: 0.0011, Avg. Train Accuracy: 99.97%
End of Epoch 951: Avg. Val Loss: 0.1550, Avg. Val Accuracy: 98.49%
End of Epoch 952: Avg. Train Loss: 0.0010, Avg. Train Accuracy: 99.97%
End of Epoch 952: Avg. Val Loss: 0.1398, Avg. Val Accuracy: 98.36%
End of Epoch 953: Avg. Train Loss: 0.0012, Avg. Train Accuracy: 99.96%
End of Epoch 953: Avg. Val Loss: 0.1325, Avg. Val Accuracy: 98.54%
End of Epoch 954: Avg. Train Loss: 0.0007, Avg. Train Accuracy: 99.97%
End of Epoch 954: Avg. Val Loss: 0.1626, Avg. Val Accuracy: 98.51%
End of Epoch 955: Avg. Train Loss: 0.0008, Avg. Train Accuracy: 99.97%
End of Epoch 955: Avg. Val Loss: 0.1655, Avg. Val Accuracy: 98.65%
End of Epoch 956: Avg. Train Loss: 0.0006, Avg. Train Accuracy: 99.98%
End of Epoch 956: Avg. Val Loss: 0.1806, Avg. Val Accuracy: 98.55%
End of Epoch 957: Avg. Train Loss: 0.0008, Avg. Train Accuracy: 99.98%
End of Epoch 957: Avg. Val Loss: 0.1804, Avg. Val Accuracy: 98.59%
End of Epoch 958: Avg. Train Loss: 0.0008, Avg. Train Accuracy: 99.97%
End of Epoch 958: Avg. Val Loss: 0.1864, Avg. Val Accuracy: 98.49%
End of Epoch 959: Avg. Train Loss: 0.0010, Avg. Train Accuracy: 99.96%
End of Epoch 959: Avg. Val Loss: 0.1656, Avg. Val Accuracy: 98.53%
End of Epoch 960: Avg. Train Loss: 0.0018, Avg. Train Accuracy: 99.95%
End of Epoch 960: Avg. Val Loss: 0.1822, Avg. Val Accuracy: 98.43%
End of Epoch 961: Avg. Train Loss: 0.0019, Avg. Train Accuracy: 99.95%
End of Epoch 961: Avg. Val Loss: 0.1695, Avg. Val Accuracy: 98.41%
End of Epoch 962: Avg. Train Loss: 0.0016, Avg. Train Accuracy: 99.95%
End of Epoch 962: Avg. Val Loss: 0.1522, Avg. Val Accuracy: 98.42%
End of Epoch 963: Avg. Train Loss: 0.0030, Avg. Train Accuracy: 99.93%
End of Epoch 963: Avg. Val Loss: 0.1440, Avg. Val Accuracy: 98.42%
End of Epoch 964: Avg. Train Loss: 0.0023, Avg. Train Accuracy: 99.94%
End of Epoch 964: Avg. Val Loss: 0.1314, Avg. Val Accuracy: 98.35%
End of Epoch 965: Avg. Train Loss: 0.0010, Avg. Train Accuracy: 99.97%
End of Epoch 965: Avg. Val Loss: 0.1565, Avg. Val Accuracy: 98.47%
End of Epoch 966: Avg. Train Loss: 0.0008, Avg. Train Accuracy: 99.97%
End of Epoch 966: Avg. Val Loss: 0.1591, Avg. Val Accuracy: 98.54%
End of Epoch 967: Avg. Train Loss: 0.0006, Avg. Train Accuracy: 99.98%
End of Epoch 967: Avg. Val Loss: 0.1700, Avg. Val Accuracy: 98.55%
End of Epoch 968: Avg. Train Loss: 0.0007, Avg. Train Accuracy: 99.98%
End of Epoch 968: Avg. Val Loss: 0.1790, Avg. Val Accuracy: 98.31%
End of Epoch 969: Avg. Train Loss: 0.0015, Avg. Train Accuracy: 99.96%
End of Epoch 969: Avg. Val Loss: 0.1733, Avg. Val Accuracy: 98.51%
End of Epoch 970: Avg. Train Loss: 0.0015, Avg. Train Accuracy: 99.96%
End of Epoch 970: Avg. Val Loss: 0.1685, Avg. Val Accuracy: 98.43%
End of Epoch 971: Avg. Train Loss: 0.0016, Avg. Train Accuracy: 99.95%
End of Epoch 971: Avg. Val Loss: 0.1402, Avg. Val Accuracy: 98.42%
End of Epoch 972: Avg. Train Loss: 0.0009, Avg. Train Accuracy: 99.97%
End of Epoch 972: Avg. Val Loss: 0.1610, Avg. Val Accuracy: 98.76%
End of Epoch 973: Avg. Train Loss: 0.0009, Avg. Train Accuracy: 99.97%
End of Epoch 973: Avg. Val Loss: 0.1706, Avg. Val Accuracy: 98.61%
End of Epoch 974: Avg. Train Loss: 0.0006, Avg. Train Accuracy: 99.98%
End of Epoch 974: Avg. Val Loss: 0.1770, Avg. Val Accuracy: 98.62%
End of Epoch 975: Avg. Train Loss: 0.0006, Avg. Train Accuracy: 99.98%
End of Epoch 975: Avg. Val Loss: 0.2005, Avg. Val Accuracy: 98.42%
End of Epoch 976: Avg. Train Loss: 0.0010, Avg. Train Accuracy: 99.97%
End of Epoch 976: Avg. Val Loss: 0.2006, Avg. Val Accuracy: 98.39%
End of Epoch 977: Avg. Train Loss: 0.0010, Avg. Train Accuracy: 99.97%
End of Epoch 977: Avg. Val Loss: 0.2024, Avg. Val Accuracy: 98.55%
End of Epoch 978: Avg. Train Loss: 0.0013, Avg. Train Accuracy: 99.96%
End of Epoch 978: Avg. Val Loss: 0.1916, Avg. Val Accuracy: 98.28%
End of Epoch 979: Avg. Train Loss: 0.0014, Avg. Train Accuracy: 99.96%
End of Epoch 979: Avg. Val Loss: 0.1722, Avg. Val Accuracy: 98.53%
End of Epoch 980: Avg. Train Loss: 0.0012, Avg. Train Accuracy: 99.96%
End of Epoch 980: Avg. Val Loss: 0.1737, Avg. Val Accuracy: 98.24%
End of Epoch 981: Avg. Train Loss: 0.0011, Avg. Train Accuracy: 99.97%
End of Epoch 981: Avg. Val Loss: 0.1658, Avg. Val Accuracy: 98.51%
End of Epoch 982: Avg. Train Loss: 0.0009, Avg. Train Accuracy: 99.97%
End of Epoch 982: Avg. Val Loss: 0.1917, Avg. Val Accuracy: 98.36%
End of Epoch 983: Avg. Train Loss: 0.0014, Avg. Train Accuracy: 99.96%
End of Epoch 983: Avg. Val Loss: 0.1659, Avg. Val Accuracy: 98.43%
End of Epoch 984: Avg. Train Loss: 0.0017, Avg. Train Accuracy: 99.96%
End of Epoch 984: Avg. Val Loss: 0.1655, Avg. Val Accuracy: 98.16%
End of Epoch 985: Avg. Train Loss: 0.0024, Avg. Train Accuracy: 99.94%
End of Epoch 985: Avg. Val Loss: 0.1385, Avg. Val Accuracy: 98.64%
End of Epoch 986: Avg. Train Loss: 0.0016, Avg. Train Accuracy: 99.95%
End of Epoch 986: Avg. Val Loss: 0.1413, Avg. Val Accuracy: 98.55%
End of Epoch 987: Avg. Train Loss: 0.0008, Avg. Train Accuracy: 99.97%
End of Epoch 987: Avg. Val Loss: 0.1686, Avg. Val Accuracy: 98.32%
End of Epoch 988: Avg. Train Loss: 0.0007, Avg. Train Accuracy: 99.97%
End of Epoch 988: Avg. Val Loss: 0.1495, Avg. Val Accuracy: 98.62%
End of Epoch 989: Avg. Train Loss: 0.0006, Avg. Train Accuracy: 99.98%
End of Epoch 989: Avg. Val Loss: 0.1537, Avg. Val Accuracy: 98.57%
End of Epoch 990: Avg. Train Loss: 0.0007, Avg. Train Accuracy: 99.97%
End of Epoch 990: Avg. Val Loss: 0.1554, Avg. Val Accuracy: 98.55%
End of Epoch 991: Avg. Train Loss: 0.0008, Avg. Train Accuracy: 99.97%
End of Epoch 991: Avg. Val Loss: 0.1776, Avg. Val Accuracy: 98.65%
End of Epoch 992: Avg. Train Loss: 0.0009, Avg. Train Accuracy: 99.97%
End of Epoch 992: Avg. Val Loss: 0.1772, Avg. Val Accuracy: 98.62%
End of Epoch 993: Avg. Train Loss: 0.0012, Avg. Train Accuracy: 99.97%
End of Epoch 993: Avg. Val Loss: 0.1759, Avg. Val Accuracy: 98.45%
End of Epoch 994: Avg. Train Loss: 0.0015, Avg. Train Accuracy: 99.96%
End of Epoch 994: Avg. Val Loss: 0.1669, Avg. Val Accuracy: 98.55%
End of Epoch 995: Avg. Train Loss: 0.0015, Avg. Train Accuracy: 99.96%
End of Epoch 995: Avg. Val Loss: 0.1863, Avg. Val Accuracy: 98.31%
End of Epoch 996: Avg. Train Loss: 0.0034, Avg. Train Accuracy: 99.92%
End of Epoch 996: Avg. Val Loss: 0.1511, Avg. Val Accuracy: 98.41%
End of Epoch 997: Avg. Train Loss: 0.0014, Avg. Train Accuracy: 99.96%
End of Epoch 997: Avg. Val Loss: 0.1503, Avg. Val Accuracy: 98.49%
End of Epoch 998: Avg. Train Loss: 0.0011, Avg. Train Accuracy: 99.96%
End of Epoch 998: Avg. Val Loss: 0.1522, Avg. Val Accuracy: 98.54%
End of Epoch 999: Avg. Train Loss: 0.0007, Avg. Train Accuracy: 99.98%
End of Epoch 999: Avg. Val Loss: 0.1517, Avg. Val Accuracy: 98.53%
End of Epoch 1000: Avg. Train Loss: 0.0007, Avg. Train Accuracy: 99.97%
End of Epoch 1000: Avg. Val Loss: 0.1651, Avg. Val Accuracy: 98.58%
Training and Validation Done
Epoch for the Best model: 343
Training and validation started at 14:29:07 and ended at 17:01:03 which in total takes 9115.46 seconds

==============  TRAINING FOOTPRINT  ==============
Total wall-time      : 9115.4550 s
Energy consumed      : 0.985200 kWh
Average power        : 389.1018 W
CO-eq emissions     : 0.540571 g
===================================================
Testing Done
Test Loss: 0.0855
Test Accuracy: 98.58%
Confusion Matrix:
[[22272     7    10    30     0    75     0    19     3     9     3     1
      0     1     0     0]
 [    3  2406     0    10     0     0     0     0     1     0     0     1
      0     0     0     1]
 [    4     0  2164     2     0     6     0     0     0     0     0     0
      0     0     0     0]
 [   33    13     3  2066     1     2     0    14     3     0     1     1
      0     0     0     0]
 [    0     0     0     0  1086     0     0     0     0     0     0     0
      0     0     0     0]
 [   63     3     5     1     0   685     0     0     0     6     0     1
      0     0     0     0]
 [    2     0     0     0     0     0    76     0     0     0     0     0
      0     0     0     0]
 [   18     1     0    22     0     0     0   198     1     0     0     1
      0     0     0     0]
 [    2     1     0    10     0     0     0     0   125     0     1     2
      0     0     0     0]
 [   12     0     0     0     0     7     0     0     0    50     0     0
      0     0     0     0]
 [    2     0     0     0     0     0     0     0     0     0    55     0
      0     0     0     1]
 [    7     0     0     3     0     2     0     1     5     0     0    27
      0     0     0     0]
 [    0     0     0     2     0     0     0     0     0     0     0     0
     30     0     0     0]
 [    4     0     1     0     0     1     0     0     0     1     0     0
      0    18     0     0]
 [    2     0     0     0     0     0     0     0     0     0     0     0
      0     0     3     0]
 [    1     0     0     2     0     0     0     0     0     0     0     0
      0     0     0     1]]
Classification Report:
              precision    recall  f1-score   support

           0       0.99      0.99      0.99     22430
           1       0.99      0.99      0.99      2422
           2       0.99      0.99      0.99      2176
           3       0.96      0.97      0.96      2137
           4       1.00      1.00      1.00      1086
           5       0.88      0.90      0.89       764
           6       1.00      0.97      0.99        78
           7       0.85      0.82      0.84       241
           8       0.91      0.89      0.90       141
           9       0.76      0.72      0.74        69
          10       0.92      0.95      0.93        58
          11       0.79      0.60      0.68        45
          12       1.00      0.94      0.97        32
          13       0.95      0.72      0.82        25
          14       1.00      0.60      0.75         5
          15       0.33      0.25      0.29         4

    accuracy                           0.99     31713
   macro avg       0.90      0.83      0.86     31713
weighted avg       0.99      0.99      0.99     31713


==============  Testing FOOTPRINT  ==============
Total wall-time      : 0.9307 s
Energy consumed      : 0.000095 kWh
Average power        : 371.6350 W
CO-eq emissions     : 0.000052 g
===================================================
----------------------------------------------------------------
        Layer (type)               Output Shape         Param #
================================================================
            Conv1d-1               [-1, 64, 19]             320
       BatchNorm1d-2               [-1, 64, 19]             128
              ReLU-3               [-1, 64, 19]               0
            Conv1d-4               [-1, 64, 17]             320
            Conv1d-5               [-1, 32, 17]           2,048
       BatchNorm1d-6               [-1, 32, 17]              64
              ReLU-7               [-1, 32, 17]               0
DepthwiseSeparableConv1d-8               [-1, 32, 17]               0
            Conv1d-9                [-1, 32, 4]             160
           Conv1d-10                [-1, 16, 4]             512
      BatchNorm1d-11                [-1, 16, 4]              32
             ReLU-12                [-1, 16, 4]               0
DepthwiseSeparableConv1d-13                [-1, 16, 4]               0
           Conv1d-14                [-1, 16, 2]              80
           Conv1d-15                [-1, 16, 2]             256
      BatchNorm1d-16                [-1, 16, 2]              32
             ReLU-17                [-1, 16, 2]               0
DepthwiseSeparableConv1d-18                [-1, 16, 2]               0
           Conv1d-19                [-1, 32, 2]             544
      BatchNorm1d-20                [-1, 32, 2]              64
             ReLU-21                [-1, 32, 2]               0
           Conv1d-22                [-1, 16, 2]             528
      BatchNorm1d-23                [-1, 16, 2]              32
             ReLU-24                [-1, 16, 2]               0
           Conv1d-25                [-1, 16, 2]           1,552
      BatchNorm1d-26                [-1, 16, 2]              32
             ReLU-27                [-1, 16, 2]               0
       FireModule-28                [-1, 32, 2]               0
           Conv1d-29                [-1, 64, 2]           2,112
      BatchNorm1d-30                [-1, 64, 2]             128
             ReLU-31                [-1, 64, 2]               0
           Conv1d-32                 [-1, 8, 2]             520
      BatchNorm1d-33                 [-1, 8, 2]              16
             ReLU-34                 [-1, 8, 2]               0
           Conv1d-35                 [-1, 8, 2]           1,544
      BatchNorm1d-36                 [-1, 8, 2]              16
             ReLU-37                 [-1, 8, 2]               0
       FireModule-38                [-1, 16, 2]               0
AdaptiveAvgPool1d-39                [-1, 16, 1]               0
          Flatten-40                   [-1, 16]               0
           Linear-41                   [-1, 16]             272
================================================================
Total params: 11,312
Trainable params: 11,312
Non-trainable params: 0
----------------------------------------------------------------
Input size (MB): 0.00
Forward/backward pass size (MB): 0.06
Params size (MB): 0.04
Estimated Total Size (MB): 0.11
----------------------------------------------------------------
